-- MySQL dump 10.17  Distrib 10.3.21-MariaDB, for Win64 (AMD64)
--
-- Host: localhost    Database: test
-- ------------------------------------------------------
-- Server version	10.3.21-MariaDB

/*!40101 SET @OLD_CHARACTER_SET_CLIENT=@@CHARACTER_SET_CLIENT */;
/*!40101 SET @OLD_CHARACTER_SET_RESULTS=@@CHARACTER_SET_RESULTS */;
/*!40101 SET @OLD_COLLATION_CONNECTION=@@COLLATION_CONNECTION */;
/*!40101 SET NAMES utf8mb4 */;
/*!40103 SET @OLD_TIME_ZONE=@@TIME_ZONE */;
/*!40103 SET TIME_ZONE='+00:00' */;
/*!40014 SET @OLD_UNIQUE_CHECKS=@@UNIQUE_CHECKS, UNIQUE_CHECKS=0 */;
/*!40014 SET @OLD_FOREIGN_KEY_CHECKS=@@FOREIGN_KEY_CHECKS, FOREIGN_KEY_CHECKS=0 */;
/*!40101 SET @OLD_SQL_MODE=@@SQL_MODE, SQL_MODE='NO_AUTO_VALUE_ON_ZERO' */;
/*!40111 SET @OLD_SQL_NOTES=@@SQL_NOTES, SQL_NOTES=0 */;

--
-- Current Database: `test`
--

CREATE DATABASE /*!32312 IF NOT EXISTS*/ `test` /*!40100 DEFAULT CHARACTER SET latin1 */;

USE `test`;

--
-- Table structure for table `city`
--

DROP TABLE IF EXISTS `city`;
/*!40101 SET @saved_cs_client     = @@character_set_client */;
/*!40101 SET character_set_client = utf8 */;
CREATE TABLE `city` (
  `id` int(10) unsigned NOT NULL AUTO_INCREMENT,
  `name` varchar(60) NOT NULL,
  `provinceid` int(10) unsigned NOT NULL,
  PRIMARY KEY (`id`) USING BTREE
) ENGINE=InnoDB AUTO_INCREMENT=332 DEFAULT CHARSET=utf8 ROW_FORMAT=DYNAMIC;
/*!40101 SET character_set_client = @saved_cs_client */;

--
-- Dumping data for table `city`
--

LOCK TABLES `city` WRITE;
/*!40000 ALTER TABLE `city` DISABLE KEYS */;
INSERT INTO `city` VALUES (1,'贵阳市',12),(2,'长春市',18),(3,'七台河市',10),(4,'达州市',23),(5,'徐州市',15),(6,'绵阳市',23),(7,'阿拉善盟',27),(8,'厦门市',2),(9,'常德市',7),(10,'咸宁市',6),(11,'江门市',29),(12,'安阳市',4),(13,'定西市',21),(14,'乌鲁木齐市',14),(15,'安康市',13),(16,'五家渠市',14),(17,'邢台市',3),(18,'吴忠市',22),(19,'黑河市',10),(20,'吉安市',8),(21,'鸡西市',10),(22,'遵义市',12),(23,'金华市',24),(24,'凉山州',23),(25,'大连市',28),(26,'陇南市',21),(27,'扬州市',15),(28,'湘西土家族苗族自治州',7),(29,'河池市',25),(30,'伊春市',10),(31,'嘉峪关市',21),(32,'庆阳市',21),(33,'衡阳市',7),(34,'铜陵市',16),(35,'南昌市',8),(36,'牡丹江市',10),(37,'鄂州市',6),(38,'遂宁市',23),(39,'曲靖市',26),(40,'三明市',2),(41,'娄底市',7),(42,'包头市',27),(43,'开封市',4),(44,'黄石市',6),(45,'普洱市',26),(46,'聊城市',1),(47,'荆州市',6),(48,'六盘水市',12),(49,'资阳市',23),(50,'长治市',20),(51,'吉林市',18),(52,'临沧市',26),(53,'淮南市',16),(54,'郑州市',4),(55,'玉溪市',26),(56,'延安市',13),(57,'平凉市',21),(58,'衡水市',3),(59,'平顶山市',4),(60,'温州市',24),(61,'马鞍山市',16),(62,'襄阳市',6),(63,'福州市',2),(64,'兰州市',21),(65,'张家港市',15),(66,'忻州市',20),(67,'天水市',21),(68,'西宁市',30),(69,'丹东市',28),(70,'潜江市',6),(71,'威海市',1),(72,'东莞市',29),(73,'朔州市',20),(74,'长沙市',7),(75,'丽水市',24),(76,'潮州市',29),(77,'宜春市',8),(78,'焦作市',4),(79,'辽阳市',28),(80,'阿坝藏族羌族自治州',23),(81,'抚州市',8),(82,'烟台市',1),(83,'恩施土家族苗族自治州',6),(84,'贺州市',25),(85,'楚雄彝族自治州',26),(86,'柳州市',25),(87,'宿州市',16),(88,'德宏傣族景颇族自治州',26),(89,'晋中市',20),(90,'阿克苏地区',14),(91,'石家庄市',3),(92,'珠海市',29),(93,'南阳市',4),(94,'哈密市',14),(95,'台州市',24),(96,'承德市',3),(97,'哈尔滨市',10),(98,'鹤壁市',4),(99,'鄂尔多斯市',27),(100,'赣州市',8),(101,'桂林市',25),(102,'吐鲁番市',14),(103,'海西蒙古族藏族自治州',30),(104,'乌兰察布市',27),(105,'营口市',28),(106,'佳木斯市',10),(107,'德州市',1),(108,'博尔塔拉蒙古自治州',14),(109,'东营市',1),(110,'漯河市',4),(111,'广元市',23),(112,'文昌市',9),(113,'湛江市',29),(114,'绥化市',10),(115,'阳江市',29),(116,'海东市',30),(117,'梅州市',29),(118,'延边朝鲜族自治州',18),(119,'河源市',29),(120,'南平市',2),(121,'鹰潭市',8),(122,'白银市',21),(123,'邯郸市',3),(124,'榆林市',13),(125,'景德镇市',8),(126,'巴音郭楞蒙古自治州',14),(127,'临夏州',21),(128,'秦皇岛市',3),(129,'怀化市',7),(130,'汉中市',13),(131,'拉萨市',17),(132,'呼和浩特市',27),(133,'亳州市',16),(134,'安庆市',16),(135,'重庆市',5),(136,'济源市',4),(137,'肇庆市',29),(138,'信阳市',4),(139,'随州市',6),(140,'晋城市',20),(141,'白城市',18),(142,'新乡市',4),(143,'内江市',23),(144,'大庆市',10),(145,'六安市',16),(146,'济南市',1),(147,'新余市',8),(148,'银川市',22),(149,'百色市',25),(150,'巴中市',23),(151,'酒泉市',21),(152,'苏州市',15),(153,'铜仁市',12),(154,'宿迁市',15),(155,'淄博市',1),(156,'盐城市',15),(157,'阜阳市',16),(158,'黔南布依族苗族自治州',12),(159,'宁德市',2),(160,'昌吉回族自治州',14),(161,'湖州市',24),(162,'甘南藏族自治州',21),(163,'沈阳市',28),(164,'武汉市',6),(165,'荆门市',6),(166,'和田地区',14),(167,'湘潭市',7),(168,'韶关市',29),(169,'莆田市',2),(170,'白山市',18),(171,'双鸭山市',10),(172,'洛阳市',4),(173,'黄山市',16),(174,'玉林市',25),(175,'濮阳市',4),(176,'廊坊市',3),(177,'泰安市',1),(178,'阜新市',28),(179,'株洲市',7),(180,'南京市',15),(181,'乐山市',23),(182,'钦州市',25),(183,'张家口市',3),(184,'宝鸡市',13),(185,'广安市',23),(186,'镇江市',15),(187,'许昌市',4),(188,'三门峡市',4),(189,'成都市',23),(190,'金昌市',21),(191,'天津市',11),(192,'汕尾市',29),(193,'昌吉回自治州',14),(194,'张掖市',21),(195,'伊犁哈萨克自治州',14),(196,'吕梁市',20),(197,'呼伦贝尔市',27),(198,'商洛市',13),(199,'深圳市',29),(200,'菏泽市',1),(201,'林芝市',17),(202,'大兴安岭地区',10),(203,'临汾市',20),(204,'崇左市',25),(205,'岳阳市',7),(206,'合肥市',16),(207,'铁岭市',28),(208,'通辽市',27),(209,'本溪市',28),(210,'揭阳市',29),(211,'西安市',13),(212,'大理白族自治州',26),(213,'喀什地区',14),(214,'四平市',18),(215,'梧州市',25),(216,'三亚市',9),(217,'德阳市',23),(218,'雅安市',23),(219,'滨州市',1),(220,'黄冈市',6),(221,'通化市',18),(222,'天门市',6),(223,'锡林郭勒盟',27),(224,'抚顺市',28),(225,'琼海市',9),(226,'沧州市',3),(227,'赤峰市',27),(228,'北京市',31),(229,'巴彦淖尔市',27),(230,'泰州市',15),(231,'常州市',15),(232,'无锡市',15),(233,'枣庄市',1),(234,'红河哈尼族彝族自治州',26),(235,'保定市',3),(236,'宜昌市',6),(237,'克拉玛依市',14),(238,'萍乡市',8),(239,'泸州市',23),(240,'佛山市',29),(241,'保山市',26),(242,'安顺市',12),(243,'黔东南苗族侗族自治州',12),(244,'南宁市',25),(245,'绍兴市',24),(246,'齐齐哈尔市',10),(247,'孝感市',6),(248,'大同市',20),(249,'乌海市',27),(250,'昭通市',26),(251,'葫芦岛市',28),(252,'北海市',25),(253,'唐山市',3),(254,'仙桃市',6),(255,'阳泉市',20),(256,'文山壮族苗族自治州',26),(257,'十堰市',6),(258,'云浮市',29),(259,'自贡市',23),(260,'阿拉尔市',14),(261,'九江市',8),(262,'海口市',9),(263,'西双版纳傣族自治州',26),(264,'邵阳市',7),(265,'凉山彝族自治州',23),(266,'黔西南布依族苗族自治州',12),(267,'朝阳市',28),(268,'武威市',21),(269,'嘉兴市',24),(270,'铜川市',13),(271,'杭州市',24),(272,'淮北市',16),(273,'周口市',4),(274,'盘锦市',28),(275,'来宾市',25),(276,'潍坊市',1),(277,'莱芜市',1),(278,'益阳市',7),(279,'蚌埠市',16),(280,'日照市',1),(281,'淮安市',15),(282,'中山市',29),(283,'龙岩市',2),(284,'攀枝花市',23),(285,'眉山市',23),(286,'锦州市',28),(287,'昆明市',26),(288,'惠州市',29),(289,'丽江市',26),(290,'太原市',20),(291,'宣城市',16),(292,'南充市',23),(293,'咸阳市',17),(294,'鞍山市',28),(295,'昆山市',15),(296,'永州市',7),(297,'汕头市',29),(298,'宜宾市',23),(299,'宁波市',24),(300,'清远市',29),(301,'辽源市',18),(302,'上海市',19),(303,'临沂市',1),(304,'石嘴山市',22),(305,'泉州市',2),(306,'甘孜藏族自治州',23),(307,'济宁市',1),(308,'衢州市',24),(309,'广州市',29),(310,'滁州市',16),(311,'松原市',18),(312,'渭南市',13),(313,'驻马店市',4),(314,'兴安盟',27),(315,'青岛市',1),(316,'上饶市',8),(317,'茂名市',29),(318,'运城市',20),(319,'舟山市',24),(320,'池州市',16),(321,'张家界市',7),(322,'固原市',22),(323,'芜湖市',16),(324,'鹤岗市',10),(325,'毕节市',12),(326,'郴州市',7),(327,'南通市',15),(328,'石河子市',14),(329,'商丘市',4),(330,'漳州市',2),(331,'连云港市',15);
/*!40000 ALTER TABLE `city` ENABLE KEYS */;
UNLOCK TABLES;

--
-- Table structure for table `course`
--

DROP TABLE IF EXISTS `course`;
/*!40101 SET @saved_cs_client     = @@character_set_client */;
/*!40101 SET character_set_client = utf8 */;
CREATE TABLE `course` (
  `id` int(11) NOT NULL AUTO_INCREMENT,
  `cid` varchar(30) NOT NULL COMMENT '课程编号',
  `cname` varchar(50) NOT NULL COMMENT '课程名',
  `credit` tinyint(4) NOT NULL COMMENT '学分',
  PRIMARY KEY (`id`)
) ENGINE=InnoDB AUTO_INCREMENT=17 DEFAULT CHARSET=utf8mb4 ROW_FORMAT=DYNAMIC;
/*!40101 SET character_set_client = @saved_cs_client */;

--
-- Dumping data for table `course`
--

LOCK TABLES `course` WRITE;
/*!40000 ALTER TABLE `course` DISABLE KEYS */;
INSERT INTO `course` VALUES (1,'21','C语言程序设计',3),(2,'22','Java程序设计',3),(3,'26','数据库概论',5),(4,'28','操作系统原理',4),(5,'30','python人工智能基础',5),(16,'31','计算机网络工程',5);
/*!40000 ALTER TABLE `course` ENABLE KEYS */;
UNLOCK TABLES;

--
-- Table structure for table `elective`
--

DROP TABLE IF EXISTS `elective`;
/*!40101 SET @saved_cs_client     = @@character_set_client */;
/*!40101 SET character_set_client = utf8 */;
CREATE TABLE `elective` (
  `id` int(11) NOT NULL AUTO_INCREMENT,
  `sid` varchar(30) DEFAULT NULL COMMENT '学生ID',
  `cid` varchar(30) DEFAULT NULL COMMENT '课程ID',
  `createtime` datetime DEFAULT NULL COMMENT '选课时间',
  `grade` float DEFAULT NULL COMMENT '成绩',
  PRIMARY KEY (`id`)
) ENGINE=InnoDB AUTO_INCREMENT=30 DEFAULT CHARSET=utf8mb4 ROW_FORMAT=DYNAMIC;
/*!40101 SET character_set_client = @saved_cs_client */;

--
-- Dumping data for table `elective`
--

LOCK TABLES `elective` WRITE;
/*!40000 ALTER TABLE `elective` DISABLE KEYS */;
INSERT INTO `elective` VALUES (1,'1001','21','2017-09-01 10:12:12',95),(2,'1001','22','2017-09-01 11:13:12',85),(3,'1001','26','2017-09-01 12:12:12',89),(4,'1002','21','2017-09-03 09:12:12',90),(5,'1005','22','2017-09-03 08:12:12',81),(6,'1002','28','2017-09-03 09:12:12',88),(7,'1003','21','2017-09-01 10:12:12',94),(8,'1005','28','2017-09-01 15:12:12',86),(9,'1003','26','2017-09-01 16:12:12',82),(10,'1004','21','2017-09-05 20:12:12',91),(11,'1004','28','2017-09-05 21:12:12',83),(12,'1004','26','2017-09-05 19:12:12',88),(13,'1005','29','2017-09-05 19:12:12',87),(24,'1006',NULL,'2020-02-11 20:26:21',93),(29,'1020','31','2020-03-06 21:24:46',93);
/*!40000 ALTER TABLE `elective` ENABLE KEYS */;
UNLOCK TABLES;
/*!50003 SET @saved_cs_client      = @@character_set_client */ ;
/*!50003 SET @saved_cs_results     = @@character_set_results */ ;
/*!50003 SET @saved_col_connection = @@collation_connection */ ;
/*!50003 SET character_set_client  = utf8mb4 */ ;
/*!50003 SET character_set_results = utf8mb4 */ ;
/*!50003 SET collation_connection  = utf8mb4_general_ci */ ;
/*!50003 SET @saved_sql_mode       = @@sql_mode */ ;
/*!50003 SET sql_mode              = 'STRICT_TRANS_TABLES,ERROR_FOR_DIVISION_BY_ZERO,NO_AUTO_CREATE_USER,NO_ENGINE_SUBSTITUTION' */ ;
DELIMITER ;;
/*!50003 CREATE*/ /*!50017 DEFINER=`root`@`localhost`*/ /*!50003 trigger tri_elective_insert after insert
on elective for each row
begin
declare number int;
select (case when grade >= 60 then 5 else 4 end ) into number from elective where id= new.id;
update student set sum_grade = number +  ifnull(sum_grade,0) where sid = new.sid;
end */;;
DELIMITER ;
/*!50003 SET sql_mode              = @saved_sql_mode */ ;
/*!50003 SET character_set_client  = @saved_cs_client */ ;
/*!50003 SET character_set_results = @saved_cs_results */ ;
/*!50003 SET collation_connection  = @saved_col_connection */ ;

--
-- Table structure for table `elective_s1`
--

DROP TABLE IF EXISTS `elective_s1`;
/*!40101 SET @saved_cs_client     = @@character_set_client */;
/*!40101 SET character_set_client = utf8 */;
CREATE TABLE `elective_s1` (
  `sid` varchar(30) CHARACTER SET utf8mb4 DEFAULT NULL COMMENT '学生ID',
  `cid` varchar(30) CHARACTER SET utf8mb4 DEFAULT NULL COMMENT '课程ID',
  `grade` float DEFAULT NULL COMMENT '成绩'
) ENGINE=InnoDB DEFAULT CHARSET=latin1;
/*!40101 SET character_set_client = @saved_cs_client */;

--
-- Dumping data for table `elective_s1`
--

LOCK TABLES `elective_s1` WRITE;
/*!40000 ALTER TABLE `elective_s1` DISABLE KEYS */;
INSERT INTO `elective_s1` VALUES ('1001','21',95),('1001','22',85),('1001','26',89),('1002','21',90),('1005','22',81),('1002','28',88),('1003','21',94),('1005','28',86),('1003','26',82),('1004','21',91),('1004','28',83),('1004','26',88),('1005','29',87),('1020',NULL,93),('1006',NULL,93);
/*!40000 ALTER TABLE `elective_s1` ENABLE KEYS */;
UNLOCK TABLES;

--
-- Table structure for table `elective_s2`
--

DROP TABLE IF EXISTS `elective_s2`;
/*!40101 SET @saved_cs_client     = @@character_set_client */;
/*!40101 SET character_set_client = utf8 */;
CREATE TABLE `elective_s2` (
  `sid` varchar(30) CHARACTER SET utf8mb4 DEFAULT NULL COMMENT '学生ID',
  `cid` varchar(30) CHARACTER SET utf8mb4 DEFAULT NULL COMMENT '课程ID',
  `grade` float DEFAULT NULL COMMENT '成绩'
) ENGINE=InnoDB DEFAULT CHARSET=latin1;
/*!40101 SET character_set_client = @saved_cs_client */;

--
-- Dumping data for table `elective_s2`
--

LOCK TABLES `elective_s2` WRITE;
/*!40000 ALTER TABLE `elective_s2` DISABLE KEYS */;
INSERT INTO `elective_s2` VALUES ('1001','21',95),('1001','22',85),('1001','26',89),('1002','21',90),('1005','22',81),('1002','28',88),('1003','21',94),('1005','28',86),('1003','26',82),('1004','21',91),('1004','28',83),('1004','26',88),('1005','29',87),('1020',NULL,93),('1006',NULL,93);
/*!40000 ALTER TABLE `elective_s2` ENABLE KEYS */;
UNLOCK TABLES;

--
-- Table structure for table `elective_test`
--

DROP TABLE IF EXISTS `elective_test`;
/*!40101 SET @saved_cs_client     = @@character_set_client */;
/*!40101 SET character_set_client = utf8 */;
CREATE TABLE `elective_test` (
  `id` int(11) NOT NULL,
  `sid` varchar(30) CHARACTER SET utf8mb4 DEFAULT NULL COMMENT '学生ID',
  `cid` varchar(30) CHARACTER SET utf8mb4 DEFAULT NULL COMMENT '课程ID',
  `createtime` datetime DEFAULT NULL COMMENT '选课时间',
  `grade` float DEFAULT NULL COMMENT '成绩'
) ENGINE=InnoDB DEFAULT CHARSET=latin1;
/*!40101 SET character_set_client = @saved_cs_client */;

--
-- Dumping data for table `elective_test`
--

LOCK TABLES `elective_test` WRITE;
/*!40000 ALTER TABLE `elective_test` DISABLE KEYS */;
INSERT INTO `elective_test` VALUES (3,'1001','26','2017-09-01 12:12:12',3),(9,'1003','26','2017-09-01 16:12:12',82),(12,'1004','26','2017-09-05 19:12:12',88),(15,'1006','30','2019-09-01 12:12:12',91.2),(15,'1006','30','2020-02-08 11:52:40',91.2);
/*!40000 ALTER TABLE `elective_test` ENABLE KEYS */;
UNLOCK TABLES;

--
-- Table structure for table `elective_test01`
--

DROP TABLE IF EXISTS `elective_test01`;
/*!40101 SET @saved_cs_client     = @@character_set_client */;
/*!40101 SET character_set_client = utf8 */;
CREATE TABLE `elective_test01` (
  `sid` varchar(30) CHARACTER SET utf8mb4 DEFAULT NULL COMMENT '学生ID',
  `cid` varchar(30) CHARACTER SET utf8mb4 DEFAULT NULL COMMENT '课程ID',
  `grade` float DEFAULT NULL COMMENT '成绩'
) ENGINE=InnoDB DEFAULT CHARSET=latin1;
/*!40101 SET character_set_client = @saved_cs_client */;

--
-- Dumping data for table `elective_test01`
--

LOCK TABLES `elective_test01` WRITE;
/*!40000 ALTER TABLE `elective_test01` DISABLE KEYS */;
INSERT INTO `elective_test01` VALUES ('1001','21',95),('1001','22',85),('1001','26',89),('1002','21',90),('1005','22',81),('1002','28',88),('1003','21',94),('1005','28',86),('1003','26',82),('1004','21',91),('1004','28',83),('1004','26',88),('1005','29',87),('1020',NULL,93),('1006',NULL,93);
/*!40000 ALTER TABLE `elective_test01` ENABLE KEYS */;
UNLOCK TABLES;

--
-- Table structure for table `elective_test02`
--

DROP TABLE IF EXISTS `elective_test02`;
/*!40101 SET @saved_cs_client     = @@character_set_client */;
/*!40101 SET character_set_client = utf8 */;
CREATE TABLE `elective_test02` (
  `sid` varchar(30) CHARACTER SET utf8mb4 DEFAULT NULL COMMENT '学生ID',
  `cid` varchar(30) CHARACTER SET utf8mb4 DEFAULT NULL COMMENT '课程ID',
  `grade` float DEFAULT NULL COMMENT '成绩'
) ENGINE=InnoDB DEFAULT CHARSET=latin1;
/*!40101 SET character_set_client = @saved_cs_client */;

--
-- Dumping data for table `elective_test02`
--

LOCK TABLES `elective_test02` WRITE;
/*!40000 ALTER TABLE `elective_test02` DISABLE KEYS */;
INSERT INTO `elective_test02` VALUES ('1001','21',95),('1001','22',85),('1001','26',89),('1002','21',90),('1005','22',81),('1002','28',88),('1003','21',94),('1005','28',86),('1003','26',82),('1004','21',91),('1004','28',83),('1004','26',88),('1005','29',87),('1020',NULL,93),('1006',NULL,93);
/*!40000 ALTER TABLE `elective_test02` ENABLE KEYS */;
UNLOCK TABLES;

--
-- Table structure for table `index_test`
--

DROP TABLE IF EXISTS `index_test`;
/*!40101 SET @saved_cs_client     = @@character_set_client */;
/*!40101 SET character_set_client = utf8 */;
CREATE TABLE `index_test` (
  `id` int(11) NOT NULL AUTO_INCREMENT,
  `sid` varchar(20) DEFAULT NULL,
  `name` varchar(20) NOT NULL,
  PRIMARY KEY (`id`),
  KEY `index_student_sid` (`sid`)
) ENGINE=InnoDB AUTO_INCREMENT=3 DEFAULT CHARSET=latin1;
/*!40101 SET character_set_client = @saved_cs_client */;

--
-- Dumping data for table `index_test`
--

LOCK TABLES `index_test` WRITE;
/*!40000 ALTER TABLE `index_test` DISABLE KEYS */;
INSERT INTO `index_test` VALUES (1,NULL,'dsd'),(2,'2','dsd');
/*!40000 ALTER TABLE `index_test` ENABLE KEYS */;
UNLOCK TABLES;

--
-- Table structure for table `order_test`
--

DROP TABLE IF EXISTS `order_test`;
/*!40101 SET @saved_cs_client     = @@character_set_client */;
/*!40101 SET character_set_client = utf8 */;
CREATE TABLE `order_test` (
  `order_id` int(11) NOT NULL AUTO_INCREMENT,
  `create_time` varchar(20) NOT NULL,
  `user_id` int(11) NOT NULL,
  PRIMARY KEY (`order_id`),
  KEY `user_id` (`user_id`),
  CONSTRAINT `order_test_ibfk_1` FOREIGN KEY (`user_id`) REFERENCES `user_test` (`id`)
) ENGINE=InnoDB AUTO_INCREMENT=3 DEFAULT CHARSET=latin1;
/*!40101 SET character_set_client = @saved_cs_client */;

--
-- Dumping data for table `order_test`
--

LOCK TABLES `order_test` WRITE;
/*!40000 ALTER TABLE `order_test` DISABLE KEYS */;
INSERT INTO `order_test` VALUES (2,'2010-02-10 00:01:02',1);
/*!40000 ALTER TABLE `order_test` ENABLE KEYS */;
UNLOCK TABLES;

--
-- Table structure for table `province`
--

DROP TABLE IF EXISTS `province`;
/*!40101 SET @saved_cs_client     = @@character_set_client */;
/*!40101 SET character_set_client = utf8 */;
CREATE TABLE `province` (
  `id` int(10) unsigned NOT NULL AUTO_INCREMENT,
  `name` varchar(10) NOT NULL,
  PRIMARY KEY (`id`) USING BTREE
) ENGINE=InnoDB AUTO_INCREMENT=32 DEFAULT CHARSET=utf8 ROW_FORMAT=DYNAMIC;
/*!40101 SET character_set_client = @saved_cs_client */;

--
-- Dumping data for table `province`
--

LOCK TABLES `province` WRITE;
/*!40000 ALTER TABLE `province` DISABLE KEYS */;
INSERT INTO `province` VALUES (1,'山东'),(2,'福建'),(3,'河北'),(4,'河南'),(5,'重庆'),(6,'湖北'),(7,'湖南'),(8,'江西'),(9,'海南'),(10,'黑龙江'),(11,'天津'),(12,'贵州'),(13,'陕西'),(14,'新疆'),(15,'江苏'),(16,'安徽'),(17,'西藏'),(18,'吉林'),(19,'上海'),(20,'山西'),(21,'甘肃'),(22,'宁夏'),(23,'四川'),(24,'浙江'),(25,'广西'),(26,'云南'),(27,'内蒙古'),(28,'辽宁'),(29,'广东'),(30,'青海'),(31,'北京');
/*!40000 ALTER TABLE `province` ENABLE KEYS */;
UNLOCK TABLES;

--
-- Table structure for table `school`
--

DROP TABLE IF EXISTS `school`;
/*!40101 SET @saved_cs_client     = @@character_set_client */;
/*!40101 SET character_set_client = utf8 */;
CREATE TABLE `school` (
  `id` int(10) unsigned NOT NULL AUTO_INCREMENT,
  `name` varchar(50) NOT NULL,
  `cityid` int(10) unsigned NOT NULL,
  PRIMARY KEY (`id`) USING BTREE
) ENGINE=InnoDB AUTO_INCREMENT=2632 DEFAULT CHARSET=utf8 ROW_FORMAT=DYNAMIC;
/*!40101 SET character_set_client = @saved_cs_client */;

--
-- Dumping data for table `school`
--

LOCK TABLES `school` WRITE;
/*!40000 ALTER TABLE `school` DISABLE KEYS */;
INSERT INTO `school` VALUES (1,'北京大学',228),(2,'中国人民大学',228),(3,'清华大学',228),(4,'北京交通大学',228),(5,'北京工业大学',228),(6,'北京航空航天大学',228),(7,'北京理工大学',228),(8,'北京科技大学',228),(9,'北方工业大学',228),(10,'北京化工大学',228),(11,'北京工商大学',228),(12,'北京服装学院',228),(13,'北京邮电大学',228),(14,'北京印刷学院',228),(15,'北京建筑大学',228),(16,'北京石油化工学院',228),(17,'北京电子科技学院',228),(18,'中国农业大学',228),(19,'北京农学院',228),(20,'北京林业大学',228),(21,'北京协和医学院',228),(22,'首都医科大学',228),(23,'北京中医药大学',228),(24,'北京师范大学',228),(25,'首都师范大学',228),(26,'首都体育学院',228),(27,'北京外国语大学',228),(28,'北京第二外国语学院',228),(29,'北京语言大学',228),(30,'中国传媒大学',228),(31,'中央财经大学',228),(32,'对外经济贸易大学',228),(33,'北京物资学院',228),(34,'首都经济贸易大学',228),(35,'外交学院',228),(36,'中国人民公安大学',228),(37,'国际关系学院',228),(38,'北京体育大学',228),(39,'中央音乐学院',228),(40,'中国音乐学院',228),(41,'中央美术学院',228),(42,'中央戏剧学院',228),(43,'中国戏曲学院',228),(44,'北京电影学院',228),(45,'北京舞蹈学院',228),(46,'中央民族大学',228),(47,'中国政法大学',228),(48,'华北电力大学',228),(49,'中华女子学院',228),(50,'北京信息科技大学',228),(51,'中国矿业大学（北京）',228),(52,'中国石油大学（北京）',228),(53,'中国地质大学（北京）',228),(54,'北京联合大学',228),(55,'北京城市学院',228),(56,'中国青年政治学院',228),(57,'首钢工学院',228),(58,'中国劳动关系学院',228),(59,'北京吉利学院',228),(60,'首都师范大学科德学院',228),(61,'北京工商大学嘉华学院',228),(62,'北京邮电大学世纪学院',228),(63,'北京工业大学耿丹学院',228),(64,'北京警察学院',228),(65,'北京第二外国语学院中瑞酒店管理学院',228),(66,'中国科学院大学',228),(67,'中国社会科学院大学',228),(68,'北京工业职业技术学院',228),(69,'北京信息职业技术学院',228),(70,'北京电子科技职业学院',228),(71,'北京京北职业技术学院',228),(72,'北京交通职业技术学院',228),(73,'北京青年政治学院',228),(74,'北京农业职业学院',228),(75,'北京政法职业学院',228),(76,'北京财贸职业学院',228),(77,'北京北大方正软件职业技术学院',228),(78,'北京经贸职业学院',228),(79,'北京经济技术职业学院',228),(80,'北京戏曲艺术职业学院',228),(81,'北京汇佳职业学院',228),(82,'北京科技经营管理学院',228),(83,'北京科技职业学院',228),(84,'北京培黎职业学院',228),(85,'北京经济管理职业学院',228),(86,'北京劳动保障职业学院',228),(87,'北京社会管理职业学院',228),(88,'北京艺术传媒职业学院',228),(89,'北京体育职业学院',228),(90,'北京交通运输职业学院',228),(91,'北京卫生职业学院',228),(92,'北京网络职业学院',228),(93,'南开大学',191),(94,'天津大学',191),(95,'天津科技大学',191),(96,'天津工业大学',191),(97,'中国民航大学',191),(98,'天津理工大学',191),(99,'天津农学院',191),(100,'天津医科大学',191),(101,'天津中医药大学',191),(102,'天津师范大学',191),(103,'天津职业技术师范大学',191),(104,'天津外国语大学',191),(105,'天津商业大学',191),(106,'天津财经大学',191),(107,'天津体育学院',191),(108,'天津音乐学院',191),(109,'天津美术学院',191),(110,'天津城建大学',191),(111,'天津天狮学院',191),(112,'天津中德应用技术大学',191),(113,'天津外国语大学滨海外事学院',191),(114,'天津体育学院运动与文化艺术学院',191),(115,'天津商业大学宝德学院',191),(116,'天津医科大学临床医学院',191),(117,'南开大学滨海学院',191),(118,'天津师范大学津沽学院',191),(119,'天津理工大学中环信息学院',191),(120,'北京科技大学天津学院',191),(121,'天津大学仁爱学院',191),(122,'天津财经大学珠江学院',191),(123,'天津市职业大学',191),(124,'天津滨海职业学院',191),(125,'天津工程职业技术学院',191),(126,'天津青年职业学院',191),(127,'天津渤海职业技术学院',191),(128,'天津电子信息职业技术学院',191),(129,'天津机电职业技术学院',191),(130,'天津现代职业技术学院',191),(131,'天津公安警官职业学院',191),(132,'天津轻工职业技术学院',191),(133,'天津商务职业学院',191),(134,'天津国土资源和房屋职业学院',191),(135,'天津医学高等专科学校',191),(136,'天津开发区职业技术学院',191),(137,'天津艺术职业学院',191),(138,'天津交通职业学院',191),(139,'天津冶金职业技术学院',191),(140,'天津石油职业技术学院',191),(141,'天津城市职业学院',191),(142,'天津铁道职业技术学院',191),(143,'天津工艺美术职业学院',191),(144,'天津城市建设管理职业技术学院',191),(145,'天津生物工程职业技术学院',191),(146,'天津海运职业学院',191),(147,'天津广播影视职业学院',191),(148,'天津体育职业学院',191),(149,'天津滨海汽车工程职业学院',191),(150,'河北大学',235),(151,'河北工程大学',123),(152,'河北地质大学',91),(153,'河北工业大学',191),(154,'华北理工大学',253),(155,'河北科技大学',91),(156,'河北建筑工程学院',183),(157,'河北水利电力学院',226),(158,'河北农业大学',235),(159,'河北医科大学',91),(160,'河北北方学院',183),(161,'承德医学院',96),(162,'河北师范大学',91),(163,'保定学院',235),(164,'河北民族师范学院',96),(165,'唐山师范学院',253),(166,'廊坊师范学院',176),(167,'衡水学院',58),(168,'石家庄学院',91),(169,'邯郸学院',123),(170,'邢台学院',17),(171,'沧州师范学院',226),(172,'石家庄铁道大学',91),(173,'燕山大学',128),(174,'河北科技师范学院',128),(175,'唐山学院',253),(176,'华北科技学院',176),(177,'中国人民武装警察部队学院',176),(178,'河北体育学院',91),(179,'河北金融学院',235),(180,'北华航天工业学院',176),(181,'防灾科技学院',176),(182,'河北经贸大学',91),(183,'中央司法警官学院',235),(184,'河北传媒学院',91),(185,'河北工程技术学院',91),(186,'河北美术学院',91),(187,'河北科技学院',235),(188,'河北外国语学院',91),(189,'河北大学工商学院',235),(190,'华北理工大学轻工学院',253),(191,'河北科技大学理工学院',91),(192,'河北师范大学汇华学院',91),(193,'河北经贸大学经济管理学院',91),(194,'河北医科大学临床学院',91),(195,'华北电力大学科技学院',235),(196,'河北工程大学科信学院',123),(197,'河北工业大学城市学院',176),(198,'燕山大学里仁学院',128),(199,'石家庄铁道大学四方学院',91),(200,'河北地质大学华信学院',91),(201,'河北农业大学现代科技学院',235),(202,'华北理工大学冀唐学院',253),(203,'中国地质大学长城学院',235),(204,'燕京理工学院',176),(205,'北京中医药大学东方学院',176),(206,'北京交通大学海滨学院',226),(207,'河北东方学院',176),(208,'河北中医学院',91),(209,'张家口学院',183),(210,'河北环境工程学院',128),(211,'河北工业职业技术学院',91),(212,'邯郸职业技术学院',123),(213,'石家庄职业技术学院',91),(214,'张家口职业技术学院',183),(215,'承德石油高等专科学校',96),(216,'邢台职业技术学院',17),(217,'河北软件职业技术学院',235),(218,'河北石油职业技术学院',176),(219,'河北建材职业技术学院',128),(220,'河北政法职业学院',91),(221,'沧州职业技术学院',226),(222,'河北能源职业技术学院',253),(223,'石家庄铁路职业技术学院',91),(224,'保定职业技术学院',235),(225,'秦皇岛职业技术学院',128),(226,'石家庄工程职业学院',91),(227,'石家庄城市经济职业学院',91),(228,'唐山职业技术学院',253),(229,'衡水职业技术学院',58),(230,'唐山工业职业技术学院',253),(231,'邢台医学高等专科学校',17),(232,'河北省艺术职业学院',91),(233,'河北旅游职业学院',96),(234,'石家庄财经职业学院',91),(235,'河北交通职业技术学院',91),(236,'河北化工医药职业技术学院',91),(237,'石家庄信息工程职业学院',91),(238,'河北对外经贸职业学院',128),(239,'保定电力职业技术学院',235),(240,'河北机电职业技术学院',17),(241,'渤海石油职业学院',226),(242,'廊坊职业技术学院',176),(243,'唐山科技职业技术学院',253),(244,'石家庄邮电职业技术学院',91),(245,'河北公安警察职业学院',91),(246,'石家庄工商职业学院',91),(247,'石家庄理工职业学院',91),(248,'石家庄科技信息职业学院',91),(249,'河北司法警官职业学院',123),(250,'沧州医学高等专科学校',226),(251,'河北女子职业技术学院',91),(252,'石家庄医学高等专科学校',91),(253,'石家庄经济职业学院',91),(254,'冀中职业学院',235),(255,'石家庄人民医学高等专科学校',91),(256,'石家庄科技工程职业学院',91),(257,'河北劳动关系职业学院',91),(258,'石家庄科技职业学院',91),(259,'泊头职业学院',226),(260,'宣化科技职业学院',183),(261,'廊坊燕京职业技术学院',176),(262,'承德护理职业学院',96),(263,'石家庄幼儿师范高等专科学校',91),(264,'廊坊卫生职业学院',176),(265,'河北轨道运输职业技术学院',91),(266,'保定幼儿师范高等专科学校',235),(267,'河北工艺美术职业学院',235),(268,'渤海理工职业学院',226),(269,'唐山幼儿师范高等专科学校',253),(270,'曹妃甸职业技术学院',253),(271,'山西大学',290),(272,'太原科技大学',290),(273,'中北大学',290),(274,'太原理工大学',290),(275,'山西农业大学',89),(276,'山西医科大学',290),(277,'长治医学院',50),(278,'山西师范大学',203),(279,'太原师范学院',290),(280,'山西大同大学',248),(281,'晋中学院',89),(282,'长治学院',50),(283,'运城学院',318),(284,'忻州师范学院',66),(285,'山西财经大学',290),(286,'山西中医药大学',290),(287,'吕梁学院',196),(288,'太原学院',290),(289,'山西警察学院',290),(290,'山西应用科技学院',290),(291,'山西大学商务学院',290),(292,'太原理工大学现代科技学院',290),(293,'山西农业大学信息学院',89),(294,'山西师范大学现代文理学院',203),(295,'中北大学信息商务学院',290),(296,'太原科技大学华科学院',290),(297,'山西医科大学晋祠学院',290),(298,'山西财经大学华商学院',290),(299,'山西工商学院',290),(300,'太原工业学院',290),(301,'山西传媒学院',290),(302,'山西工程技术学院',255),(303,'山西能源学院',89),(304,'山西省财政税务专科学校',290),(305,'长治职业技术学院',50),(306,'山西艺术职业学院',290),(307,'晋城职业技术学院',140),(308,'山西建筑职业技术学院',290),(309,'山西药科职业学院',290),(310,'山西工程职业技术学院',290),(311,'山西交通职业技术学院',290),(312,'大同煤炭职业技术学院',248),(313,'山西机电职业技术学院',50),(314,'山西戏剧职业学院',290),(315,'山西财贸职业技术学院',290),(316,'山西林业职业技术学院',290),(317,'山西水利职业技术学院',318),(318,'阳泉职业技术学院',255),(319,'临汾职业技术学院',203),(320,'山西职业技术学院',290),(321,'山西煤炭职业技术学院',290),(322,'山西金融职业学院',290),(323,'太原城市职业技术学院',290),(324,'山西信息职业技术学院',203),(325,'山西体育职业学院',290),(326,'山西警官职业学院',290),(327,'山西国际商务职业学院',290),(328,'潞安职业技术学院',50),(329,'太原旅游职业学院',290),(330,'山西旅游职业学院',290),(331,'山西管理职业学院',203),(332,'山西电力职业技术学院',290),(333,'忻州职业技术学院',66),(334,'山西同文职业技术学院',89),(335,'晋中职业技术学院',89),(336,'山西华澳商贸职业学院',89),(337,'山西运城农业职业技术学院',318),(338,'运城幼儿师范高等专科学校',318),(339,'山西老区职业技术学院',290),(340,'山西经贸职业学院',290),(341,'朔州职业技术学院',73),(342,'运城职业技术学院',318),(343,'山西轻工职业技术学院',290),(344,'晋中师范高等专科学校',89),(345,'阳泉师范高等专科学校',255),(346,'山西青年职业学院',290),(347,'运城护理职业学院',318),(348,'运城师范高等专科学校',318),(349,'朔州师范高等专科学校',73),(350,'吕梁职业技术学院',196),(351,'内蒙古大学',132),(352,'内蒙古科技大学',42),(353,'内蒙古工业大学',132),(354,'内蒙古农业大学',132),(355,'内蒙古医科大学',132),(356,'内蒙古师范大学',132),(357,'内蒙古民族大学',208),(358,'赤峰学院',227),(359,'内蒙古财经大学',132),(360,'呼伦贝尔学院',197),(361,'集宁师范学院',104),(362,'河套学院',229),(363,'呼和浩特民族学院',132),(364,'内蒙古大学创业学院',132),(365,'内蒙古师范大学鸿德学院',132),(366,'内蒙古艺术学院',132),(367,'鄂尔多斯应用技术学院',99),(368,'内蒙古建筑职业技术学院',132),(369,'内蒙古丰州职业学院',132),(370,'包头职业技术学院',42),(371,'兴安职业技术学院',314),(372,'呼和浩特职业学院',132),(373,'包头轻工职业技术学院',42),(374,'内蒙古电子信息职业技术学院',132),(375,'内蒙古机电职业技术学院',132),(376,'内蒙古化工职业学院',132),(377,'内蒙古商贸职业学院',132),(378,'锡林郭勒职业学院',223),(379,'内蒙古警察职业学院',132),(380,'内蒙古体育职业学院',132),(381,'乌兰察布职业学院',104),(382,'通辽职业学院',208),(383,'科尔沁艺术职业学院',208),(384,'内蒙古交通职业技术学院',227),(385,'包头钢铁职业技术学院',42),(386,'乌海职业技术学院',249),(387,'内蒙古科技职业学院',132),(388,'内蒙古北方职业技术学院',132),(389,'赤峰职业技术学院',227),(390,'内蒙古经贸外语职业学院',132),(391,'包头铁道职业技术学院',42),(392,'乌兰察布医学高等专科学校',104),(393,'鄂尔多斯职业学院',99),(394,'内蒙古工业职业学院',132),(395,'呼伦贝尔职业技术学院',197),(396,'满洲里俄语职业学院',197),(397,'内蒙古能源职业学院',132),(398,'赤峰工业职业技术学院',227),(399,'阿拉善职业技术学院',7),(400,'内蒙古美术职业学院',229),(401,'内蒙古民族幼儿师范高等专科学校',99),(402,'鄂尔多斯生态环境职业学院',99),(403,'扎兰屯职业学院',197),(404,'辽宁大学',163),(405,'大连理工大学',25),(406,'沈阳工业大学',163),(407,'沈阳航空航天大学',163),(408,'沈阳理工大学',163),(409,'东北大学',163),(410,'辽宁科技大学',294),(411,'辽宁工程技术大学',178),(412,'辽宁石油化工大学',224),(413,'沈阳化工大学',163),(414,'大连交通大学',25),(415,'大连海事大学',25),(416,'大连工业大学',25),(417,'沈阳建筑大学',163),(418,'辽宁工业大学',286),(419,'沈阳农业大学',163),(420,'大连海洋大学',25),(421,'中国医科大学',163),(422,'锦州医科大学',286),(423,'大连医科大学',25),(424,'辽宁中医药大学',163),(425,'沈阳药科大学',163),(426,'沈阳医学院',163),(427,'辽宁师范大学',25),(428,'沈阳师范大学',163),(429,'渤海大学',286),(430,'鞍山师范学院',294),(431,'大连外国语大学',25),(432,'东北财经大学',25),(433,'中国刑事警察学院',163),(434,'沈阳体育学院',163),(435,'沈阳音乐学院',163),(436,'鲁迅美术学院',163),(437,'辽宁对外经贸学院',25),(438,'沈阳大学',163),(439,'大连大学',25),(440,'辽宁科技学院',209),(441,'辽宁警察学院',25),(442,'沈阳工程学院',163),(443,'辽东学院',69),(444,'大连民族大学',25),(445,'大连理工大学城市学院',25),(446,'沈阳工业大学工程学院',79),(447,'沈阳航空航天大学北方科技学院',163),(448,'沈阳工学院',163),(449,'大连工业大学艺术与信息工程学院',25),(450,'大连科技学院',25),(451,'沈阳城市建设学院',163),(452,'中国医科大学临床医药学院',163),(453,'大连医科大学中山学院',25),(454,'锦州医科大学医疗学院',286),(455,'辽宁师范大学海华学院',163),(456,'辽宁理工学院',286),(457,'大连财经学院',25),(458,'沈阳城市学院',163),(459,'辽宁石油化工大学顺华能源学院',224),(460,'大连艺术学院',25),(461,'辽宁中医药大学杏林学院',163),(462,'辽宁何氏医学院',163),(463,'沈阳科技学院',163),(464,'大连东软信息学院',25),(465,'辽宁财贸学院',251),(466,'辽宁传媒学院',163),(467,'营口理工学院',105),(468,'朝阳师范高等专科学校',267),(469,'抚顺师范高等专科学校',224),(470,'锦州师范高等专科学校',286),(471,'营口职业技术学院',105),(472,'铁岭师范高等专科学校',207),(473,'大连职业技术学院',25),(474,'辽宁农业职业技术学院',105),(475,'抚顺职业技术学院',224),(476,'辽阳职业技术学院',79),(477,'阜新高等专科学校',178),(478,'辽宁省交通高等专科学校',163),(479,'辽宁税务高等专科学校',25),(480,'盘锦职业技术学院',274),(481,'沈阳航空职业技术学院',163),(482,'辽宁体育运动职业技术学院',163),(483,'辽宁职业学院',207),(484,'辽宁林业职业技术学院',163),(485,'沈阳职业技术学院',163),(486,'辽宁理工职业学院',286),(487,'大连商务职业学院',25),(488,'辽宁金融职业学院',163),(489,'辽宁轨道交通职业学院',163),(490,'辽宁广告职业学院',163),(491,'辽宁机电职业技术学院',69),(492,'辽宁经济职业技术学院',163),(493,'辽宁石化职业技术学院',286),(494,'渤海船舶职业学院',251),(495,'大连软件职业学院',25),(496,'大连翻译职业学院',25),(497,'辽宁商贸职业学院',163),(498,'大连枫叶职业技术学院',25),(499,'辽宁装备制造职业技术学院',163),(500,'辽河石油职业技术学院',274),(501,'辽宁地质工程职业学院',69),(502,'辽宁铁道职业技术学院',286),(503,'辽宁建筑职业学院',79),(504,'大连航运职业技术学院',25),(505,'大连装备制造职业技术学院',25),(506,'大连汽车职业技术学院',25),(507,'辽宁现代服务职业技术学院',163),(508,'辽宁冶金职业技术学院',209),(509,'辽宁工程职业学院',207),(510,'辽宁城市建设职业技术学院',163),(511,'辽宁医药职业学院',163),(512,'铁岭卫生职业学院',207),(513,'沈阳北软信息职业技术学院',163),(514,'辽宁政法职业学院',163),(515,'辽宁民族师范高等专科学校',163),(516,'辽宁轻工职业学院',25),(517,'辽宁水利职业学院',163),(518,'辽宁特殊教育师范高等专科学校',163),(519,'吉林大学',2),(520,'延边大学',118),(521,'长春理工大学',2),(522,'东北电力大学',51),(523,'长春工业大学',2),(524,'吉林建筑大学',2),(525,'吉林化工学院',51),(526,'吉林农业大学',2),(527,'长春中医药大学',2),(528,'东北师范大学',2),(529,'北华大学',51),(530,'通化师范学院',221),(531,'吉林师范大学',214),(532,'吉林工程技术师范学院',2),(533,'长春师范大学',2),(534,'白城师范学院',141),(535,'吉林财经大学',2),(536,'吉林体育学院',2),(537,'吉林艺术学院',2),(538,'吉林华桥外国语学院',2),(539,'吉林工商学院',2),(540,'长春工程学院',2),(541,'吉林农业科技学院',51),(542,'吉林警察学院',2),(543,'长春大学',2),(544,'长春光华学院',2),(545,'长春工业大学人文信息学院',2),(546,'长春理工大学光电信息学院',2),(547,'长春财经学院',2),(548,'吉林建筑大学城建学院',2),(549,'长春建筑学院',2),(550,'长春科技学院',2),(551,'吉林动画学院',2),(552,'吉林师范大学博达学院',214),(553,'长春大学旅游学院',2),(554,'东北师范大学人文学院',2),(555,'吉林医药学院',51),(556,'长春师范高等专科学校',2),(557,'辽源职业技术学院',301),(558,'四平职业大学',214),(559,'长春汽车工业高等专科学校',2),(560,'长春金融高等专科学校',2),(561,'长春医学高等专科学校',2),(562,'吉林交通职业技术学院',2),(563,'长春东方职业学院',2),(564,'吉林司法警官职业学院',2),(565,'吉林电子信息职业技术学院',51),(566,'吉林工业职业技术学院',51),(567,'吉林工程职业学院',214),(568,'长春职业技术学院',2),(569,'白城医学高等专科学校',141),(570,'长春信息技术职业学院',2),(571,'松原职业技术学院',311),(572,'吉林铁道职业技术学院',51),(573,'白城职业技术学院',141),(574,'长白山职业技术学院',170),(575,'吉林科技职业技术学院',2),(576,'延边职业技术学院',118),(577,'吉林城市职业技术学院',2),(578,'吉林职业技术学院',118),(579,'吉林水利电力职业学院',2),(580,'长春健康职业学院',2),(581,'黑龙江大学',97),(582,'哈尔滨工业大学',97),(583,'哈尔滨理工大学',97),(584,'哈尔滨工程大学',97),(585,'黑龙江科技大学',97),(586,'东北石油大学',144),(587,'佳木斯大学',106),(588,'黑龙江八一农垦大学',144),(589,'东北农业大学',97),(590,'东北林业大学',97),(591,'哈尔滨医科大学',97),(592,'黑龙江中医药大学',97),(593,'牡丹江医学院',36),(594,'哈尔滨师范大学',97),(595,'齐齐哈尔大学',246),(596,'牡丹江师范学院',36),(597,'哈尔滨学院',97),(598,'大庆师范学院',144),(599,'绥化学院',114),(600,'哈尔滨商业大学',97),(601,'哈尔滨体育学院',97),(602,'哈尔滨金融学院',97),(603,'齐齐哈尔医学院',246),(604,'黑龙江工业学院',21),(605,'黑龙江东方学院',97),(606,'哈尔滨信息工程学院',97),(607,'黑龙江工程学院',97),(608,'齐齐哈尔工程学院',246),(609,'黑龙江外国语学院',97),(610,'黑龙江财经学院',97),(611,'哈尔滨石油学院',97),(612,'黑龙江工商学院',97),(613,'哈尔滨远东理工学院',97),(614,'哈尔滨剑桥学院',97),(615,'黑龙江工程学院昆仑旅游学院',97),(616,'哈尔滨广厦学院',97),(617,'哈尔滨华德学院',97),(618,'黑河学院',19),(619,'哈尔滨音乐学院',97),(620,'齐齐哈尔高等师范专科学校',246),(621,'伊春职业学院',30),(622,'牡丹江大学',36),(623,'黑龙江职业学院',97),(624,'黑龙江建筑职业技术学院',97),(625,'黑龙江艺术职业学院',97),(626,'大庆职业学院',144),(627,'黑龙江林业职业技术学院',36),(628,'黑龙江农业职业技术学院',106),(629,'黑龙江农业工程职业学院',97),(630,'黑龙江农垦职业学院',97),(631,'黑龙江司法警官职业学院',97),(632,'鹤岗师范高等专科学校',324),(633,'哈尔滨电力职业技术学院',97),(634,'哈尔滨铁道职业技术学院',97),(635,'大兴安岭职业学院',202),(636,'黑龙江农业经济职业学院',36),(637,'哈尔滨职业技术学院',97),(638,'哈尔滨传媒职业学院',97),(639,'黑龙江生物科技职业学院',97),(640,'黑龙江商业职业学院',36),(641,'黑龙江公安警官职业学院',97),(642,'黑龙江信息技术职业学院',97),(643,'哈尔滨城市职业学院',97),(644,'黑龙江农垦科技职业学院',97),(645,'黑龙江旅游职业技术学院',97),(646,'黑龙江三江美术职业学院',106),(647,'黑龙江生态工程职业学院',97),(648,'黑龙江能源职业学院',171),(649,'七台河职业学院',3),(650,'黑龙江民族职业学院',97),(651,'大庆医学高等专科学校',144),(652,'黑龙江交通职业技术学院',246),(653,'哈尔滨应用职业技术学院',97),(654,'黑龙江幼儿师范高等专科学校',36),(655,'哈尔滨科学技术职业学院',97),(656,'黑龙江粮食职业学院',97),(657,'佳木斯职业学院',106),(658,'黑龙江护理高等专科学校',97),(659,'齐齐哈尔理工职业学院',246),(660,'哈尔滨幼儿师范高等专科学校',97),(661,'黑龙江冰雪体育职业学院',97),(662,'复旦大学',302),(663,'同济大学',302),(664,'上海交通大学',302),(665,'华东理工大学',302),(666,'上海理工大学',302),(667,'上海海事大学',302),(668,'东华大学',302),(669,'上海电力学院',302),(670,'上海应用技术大学',302),(671,'上海健康医学院',302),(672,'上海海洋大学',302),(673,'上海中医药大学',302),(674,'华东师范大学',302),(675,'上海师范大学',302),(676,'上海外国语大学',302),(677,'上海财经大学',302),(678,'上海对外经贸大学',302),(679,'上海海关学院',302),(680,'华东政法大学',302),(681,'上海体育学院',302),(682,'上海音乐学院',302),(683,'上海戏剧学院',302),(684,'上海大学',302),(685,'上海公安学院',302),(686,'上海工程技术大学',302),(687,'上海立信会计金融学院',302),(688,'上海电机学院',302),(689,'上海杉达学院',302),(690,'上海政法学院',302),(691,'上海第二工业大学',302),(692,'上海商学院',302),(693,'上海建桥学院',302),(694,'上海兴伟学院',302),(695,'上海视觉艺术学院',302),(696,'上海外国语大学贤达经济人文学院',302),(697,'上海师范大学天华学院',302),(698,'上海科技大学',302),(699,'上海纽约大学',302),(700,'上海旅游高等专科学校',302),(701,'上海东海职业技术学院',302),(702,'上海工商职业技术学院',302),(703,'上海出版印刷高等专科学校',302),(704,'上海行健职业学院',302),(705,'上海城建职业学院',302),(706,'上海交通职业技术学院',302),(707,'上海海事职业技术学院',302),(708,'上海电子信息职业技术学院',302),(709,'上海震旦职业学院',302),(710,'上海民远职业技术学院',302),(711,'上海欧华职业技术学院',302),(712,'上海思博职业技术学院',302),(713,'上海立达职业技术学院',302),(714,'上海工艺美术职业学院',302),(715,'上海济光职业技术学院',302),(716,'上海工商外国语职业学院',302),(717,'上海科学技术职业学院',302),(718,'上海农林职业技术学院',302),(719,'上海邦德职业技术学院',302),(720,'上海中侨职业技术学院',302),(721,'上海电影艺术职业学院',302),(722,'上海中华职业技术学院',302),(723,'上海工会管理职业学院',302),(724,'上海体育职业学院',302),(725,'上海民航职业技术学院',302),(726,'南京大学',180),(727,'苏州大学',152),(728,'东南大学',180),(729,'南京航空航天大学',180),(730,'南京理工大学',180),(731,'江苏科技大学',186),(732,'中国矿业大学',5),(733,'南京工业大学',180),(734,'常州大学',231),(735,'南京邮电大学',180),(736,'河海大学',180),(737,'江南大学',232),(738,'南京林业大学',180),(739,'江苏大学',186),(740,'南京信息工程大学',180),(741,'南通大学',327),(742,'盐城工学院',156),(743,'南京农业大学',180),(744,'南京医科大学',180),(745,'徐州医科大学',5),(746,'南京中医药大学',180),(747,'中国药科大学',180),(748,'南京师范大学',180),(749,'江苏师范大学',5),(750,'淮阴师范学院',281),(751,'盐城师范学院',156),(752,'南京财经大学',180),(753,'江苏警官学院',180),(754,'南京体育学院',180),(755,'南京艺术学院',180),(756,'苏州科技大学',152),(757,'常熟理工学院',152),(758,'淮阴工学院',281),(759,'常州工学院',231),(760,'扬州大学',27),(761,'三江学院',180),(762,'南京工程学院',180),(763,'南京审计大学',180),(764,'南京晓庄学院',180),(765,'江苏理工学院',231),(766,'淮海工学院',331),(767,'徐州工程学院',5),(768,'南京特殊教育师范学院',180),(769,'南通理工学院',327),(770,'南京森林警察学院',180),(771,'东南大学成贤学院',180),(772,'泰州学院',230),(773,'无锡太湖学院',232),(774,'金陵科技学院',180),(775,'中国矿业大学徐海学院',5),(776,'南京大学金陵学院',180),(777,'南京理工大学紫金学院',180),(778,'南京航空航天大学金城学院',180),(779,'中国传媒大学南广学院',180),(780,'南京理工大学泰州科技学院',230),(781,'南京师范大学泰州学院',230),(782,'南京工业大学浦江学院',180),(783,'南京师范大学中北学院',180),(784,'南京医科大学康达学院',331),(785,'南京中医药大学翰林学院',230),(786,'南京信息工程大学滨江学院',180),(787,'苏州大学文正学院',152),(788,'苏州大学应用技术学院',152),(789,'苏州科技大学天平学院',152),(790,'江苏大学京江学院',186),(791,'扬州大学广陵学院',27),(792,'江苏师范大学科文学院',5),(793,'南京邮电大学通达学院',27),(794,'南京财经大学红山学院',186),(795,'江苏科技大学苏州理工学院',65),(796,'常州大学怀德学院',230),(797,'南通大学杏林学院',327),(798,'南京审计大学金审学院',180),(799,'宿迁学院',154),(800,'江苏第二师范学院',180),(801,'西交利物浦大学',152),(802,'昆山杜克大学',295),(803,'盐城幼儿师范高等专科学校',156),(804,'苏州幼儿师范高等专科学校',152),(805,'明达职业技术学院',156),(806,'无锡职业技术学院',232),(807,'江苏建筑职业技术学院',5),(808,'南京工业职业技术学院',180),(809,'江苏工程职业技术学院',327),(810,'苏州工艺美术职业技术学院',152),(811,'连云港职业技术学院',331),(812,'镇江市高等专科学校',186),(813,'南通职业大学',327),(814,'苏州职业大学',152),(815,'沙洲职业工学院',152),(816,'扬州市职业大学',27),(817,'连云港师范高等专科学校',331),(818,'江苏经贸职业技术学院',180),(819,'九州职业技术学院',5),(820,'硅湖职业技术学院',152),(821,'泰州职业技术学院',230),(822,'常州信息职业技术学院',231),(823,'江苏联合职业技术学院',180),(824,'江苏海事职业技术学院',180),(825,'应天职业技术学院',180),(826,'无锡科技职业学院',232),(827,'江苏医药职业学院',156),(828,'扬州环境资源职业技术学院',27),(829,'南通科技职业学院',327),(830,'苏州经贸职业技术学院',152),(831,'苏州工业职业技术学院',152),(832,'苏州托普信息职业技术学院',152),(833,'苏州卫生职业技术学院',152),(834,'无锡商业职业技术学院',232),(835,'南通航运职业技术学院',327),(836,'南京交通职业技术学院',180),(837,'淮安信息职业技术学院',281),(838,'江苏农牧科技职业学院',230),(839,'常州纺织服装职业技术学院',231),(840,'苏州农业职业技术学院',152),(841,'苏州工业园区职业技术学院',152),(842,'太湖创意职业技术学院',232),(843,'炎黄职业技术学院',281),(844,'南京科技职业学院',180),(845,'正德职业技术学院',180),(846,'钟山职业技术学院',180),(847,'无锡南洋职业技术学院',232),(848,'江南影视艺术职业学院',232),(849,'金肯职业技术学院',180),(850,'常州轻工职业技术学院',231),(851,'常州工程职业技术学院',231),(852,'江苏农林职业技术学院',186),(853,'江苏食品药品职业技术学院',281),(854,'建东职业技术学院',231),(855,'南京铁道职业技术学院',180),(856,'徐州工业职业技术学院',5),(857,'江苏信息职业技术学院',232),(858,'宿迁职业技术学院',154),(859,'南京信息职业技术学院',180),(860,'江海职业技术学院',27),(861,'常州机电职业技术学院',231),(862,'江阴职业技术学院',232),(863,'无锡城市职业技术学院',232),(864,'无锡工艺职业技术学院',232),(865,'金山职业技术学院',186),(866,'苏州健雄职业技术学院',152),(867,'盐城工业职业技术学院',156),(868,'江苏财经职业技术学院',281),(869,'扬州工业职业技术学院',27),(870,'苏州百年职业学院',152),(871,'昆山登云科技职业学院',152),(872,'南京视觉艺术职业学院',180),(873,'江苏城市职业学院',180),(874,'南京城市职业学院',180),(875,'南京机电职业技术学院',180),(876,'苏州高博软件技术职业学院',152),(877,'南京旅游职业学院',180),(878,'江苏卫生健康职业学院',180),(879,'苏州信息职业技术学院',152),(880,'宿迁泽达职业技术学院',154),(881,'苏州工业园区服务外包职业学院',152),(882,'徐州幼儿师范高等专科学校',5),(883,'徐州生物工程职业技术学院',5),(884,'江苏商贸职业学院',327),(885,'南通师范高等专科学校',327),(886,'扬州中瑞酒店职业学院',27),(887,'江苏护理职业学院',281),(888,'江苏财会职业学院',331),(889,'江苏城乡建设职业学院',231),(890,'江苏航空职业技术学院',186),(891,'江苏安全技术职业学院',5),(892,'江苏旅游职业学院',27),(893,'浙江大学',271),(894,'杭州电子科技大学',271),(895,'浙江工业大学',271),(896,'浙江理工大学',271),(897,'浙江海洋大学',319),(898,'浙江农林大学',271),(899,'温州医科大学',60),(900,'浙江中医药大学',271),(901,'浙江师范大学',23),(902,'杭州师范大学',271),(903,'湖州师范学院',161),(904,'绍兴文理学院',245),(905,'台州学院',95),(906,'温州大学',60),(907,'丽水学院',75),(908,'浙江工商大学',271),(909,'嘉兴学院',269),(910,'中国美术学院',271),(911,'中国计量大学',271),(912,'公安海警学院',299),(913,'浙江万里学院',299),(914,'浙江科技学院',271),(915,'宁波工程学院',299),(916,'浙江水利水电学院',271),(917,'浙江财经大学',271),(918,'浙江警察学院',271),(919,'衢州学院',308),(920,'宁波大学',299),(921,'浙江传媒学院',271),(922,'浙江树人学院',271),(923,'浙江越秀外国语学院',245),(924,'宁波大红鹰学院',299),(925,'浙江大学城市学院',271),(926,'浙江大学宁波理工学院',299),(927,'杭州医学院',271),(928,'浙江工业大学之江学院',271),(929,'浙江师范大学行知学院',23),(930,'宁波大学科学技术学院',299),(931,'杭州电子科技大学信息工程学院',271),(932,'浙江理工大学科技与艺术学院',271),(933,'浙江海洋大学东海科学技术学院',319),(934,'浙江农林大学暨阳学院',245),(935,'温州医科大学仁济学院',60),(936,'浙江中医药大学滨江学院',271),(937,'杭州师范大学钱江学院',271),(938,'湖州师范学院求真学院',161),(939,'绍兴文理学院元培学院',245),(940,'温州大学瓯江学院',60),(941,'浙江工商大学杭州商学院',271),(942,'嘉兴学院南湖学院',269),(943,'中国计量大学现代科技学院',271),(944,'浙江财经大学东方学院',269),(945,'温州商学院',60),(946,'同济大学浙江学院',269),(947,'上海财经大学浙江学院',23),(948,'浙江外国语学院',271),(949,'浙江音乐学院',271),(950,'宁波诺丁汉大学',299),(951,'温州肯恩大学',60),(952,'宁波职业技术学院',299),(953,'温州职业技术学院',60),(954,'浙江交通职业技术学院',271),(955,'金华职业技术学院',23),(956,'宁波城市职业技术学院',299),(957,'浙江电力职业技术学院',271),(958,'浙江同济科技职业学院',271),(959,'浙江工商职业技术学院',299),(960,'台州职业技术学院',95),(961,'浙江工贸职业技术学院',60),(962,'浙江医药高等专科学校',299),(963,'浙江机电职业技术学院',271),(964,'浙江建设职业技术学院',271),(965,'浙江艺术职业学院',271),(966,'浙江经贸职业技术学院',271),(967,'浙江商业职业技术学院',271),(968,'浙江经济职业技术学院',271),(969,'浙江旅游职业学院',271),(970,'浙江育英职业技术学院',271),(971,'浙江警官职业学院',271),(972,'浙江金融职业学院',271),(973,'浙江工业职业技术学院',245),(974,'杭州职业技术学院',271),(975,'嘉兴职业技术学院',269),(976,'湖州职业技术学院',161),(977,'绍兴职业技术学院',245),(978,'衢州职业技术学院',308),(979,'丽水职业技术学院',75),(980,'浙江东方职业技术学院',60),(981,'义乌工商职业技术学院',23),(982,'浙江纺织服装职业技术学院',299),(983,'杭州科技职业技术学院',271),(984,'浙江长征职业技术学院',271),(985,'嘉兴南洋职业技术学院',269),(986,'浙江广厦建设职业技术学院',23),(987,'杭州万向职业技术学院',271),(988,'浙江邮电职业技术学院',245),(989,'宁波卫生职业技术学院',299),(990,'台州科技职业学院',95),(991,'浙江国际海运职业技术学院',319),(992,'浙江体育职业技术学院',271),(993,'温州科技职业学院',60),(994,'浙江汽车职业技术学院',95),(995,'浙江横店影视职业学院',23),(996,'浙江农业商贸职业学院',245),(997,'浙江特殊教育职业学院',271),(998,'浙江安防职业技术学院',60),(999,'浙江舟山群岛新区旅游与健康职业学院',319),(1000,'安徽大学',206),(1001,'中国科学技术大学',206),(1002,'合肥工业大学',206),(1003,'安徽工业大学',61),(1004,'安徽理工大学',53),(1005,'安徽工程大学',323),(1006,'安徽农业大学',206),(1007,'安徽医科大学',206),(1008,'蚌埠医学院',279),(1009,'皖南医学院',323),(1010,'安徽中医药大学',206),(1011,'安徽师范大学',323),(1012,'阜阳师范学院',157),(1013,'安庆师范大学',134),(1014,'淮北师范大学',272),(1015,'黄山学院',173),(1016,'皖西学院',145),(1017,'滁州学院',310),(1018,'安徽财经大学',279),(1019,'宿州学院',87),(1020,'巢湖学院',206),(1021,'淮南师范学院',53),(1022,'铜陵学院',34),(1023,'安徽建筑大学',206),(1024,'安徽科技学院',310),(1025,'安徽三联学院',206),(1026,'合肥学院',206),(1027,'蚌埠学院',279),(1028,'池州学院',320),(1029,'安徽新华学院',206),(1030,'安徽文达信息工程学院',206),(1031,'亳州学院',133),(1032,'安徽外国语学院',206),(1033,'安徽财经大学商学院',279),(1034,'安徽大学江淮学院',206),(1035,'安徽信息工程学院',323),(1036,'安徽工业大学工商学院',61),(1037,'安徽建筑大学城市建设学院',206),(1038,'安徽农业大学经济技术学院',206),(1039,'安徽师范大学皖江学院',323),(1040,'安徽医科大学临床医学院',206),(1041,'阜阳师范学院信息工程学院',157),(1042,'淮北师范大学信息学院',272),(1043,'合肥师范学院',206),(1044,'河海大学文天学院',61),(1045,'安徽职业技术学院',206),(1046,'淮北职业技术学院',272),(1047,'芜湖职业技术学院',323),(1048,'淮南联合大学',53),(1049,'安徽商贸职业技术学院',323),(1050,'安徽水利水电职业技术学院',206),(1051,'阜阳职业技术学院',157),(1052,'铜陵职业技术学院',34),(1053,'民办万博科技职业学院',206),(1054,'安徽警官职业学院',206),(1055,'淮南职业技术学院',53),(1056,'安徽工业经济职业技术学院',206),(1057,'合肥通用职业技术学院',206),(1058,'安徽工贸职业技术学院',53),(1059,'宿州职业技术学院',87),(1060,'六安职业技术学院',145),(1061,'安徽电子信息职业技术学院',279),(1062,'民办合肥经济技术职业学院',206),(1063,'安徽交通职业技术学院',206),(1064,'安徽体育运动职业技术学院',206),(1065,'安徽中医药高等专科学校',323),(1066,'安徽医学高等专科学校',206),(1067,'合肥职业技术学院',206),(1068,'滁州职业技术学院',310),(1069,'池州职业技术学院',320),(1070,'宣城职业技术学院',291),(1071,'安徽广播影视职业技术学院',206),(1072,'民办合肥滨湖职业技术学院',206),(1073,'安徽电气工程职业技术学院',206),(1074,'安徽冶金科技职业学院',61),(1075,'安徽城市管理职业学院',206),(1076,'安徽机电职业技术学院',323),(1077,'安徽工商职业学院',206),(1078,'安徽中澳科技职业学院',206),(1079,'阜阳科技职业学院',157),(1080,'亳州职业技术学院',133),(1081,'安徽国防科技职业学院',145),(1082,'安庆职业技术学院',134),(1083,'安徽艺术职业学院',206),(1084,'马鞍山师范高等专科学校',61),(1085,'安徽财贸职业学院',206),(1086,'安徽国际商务职业学院',206),(1087,'安徽公安职业学院',206),(1088,'安徽林业职业技术学院',206),(1089,'安徽审计职业学院',206),(1090,'安徽新闻出版职业技术学院',206),(1091,'安徽邮电职业技术学院',206),(1092,'安徽工业职业技术学院',34),(1093,'民办合肥财经职业学院',206),(1094,'安庆医药高等专科学校',134),(1095,'安徽涉外经济职业学院',206),(1096,'安徽绿海商务职业学院',206),(1097,'合肥共达职业技术学院',206),(1098,'蚌埠经济技术职业学院',279),(1099,'民办安徽旅游职业学院',157),(1100,'徽商职业学院',206),(1101,'马鞍山职业技术学院',61),(1102,'安徽现代信息工程职业学院',145),(1103,'安徽矿业职业技术学院',272),(1104,'合肥信息技术职业学院',206),(1105,'桐城师范高等专科学校',134),(1106,'黄山职业技术学院',173),(1107,'滁州城市职业学院',310),(1108,'安徽汽车职业技术学院',206),(1109,'皖西卫生职业学院',145),(1110,'合肥幼儿师范高等专科学校',206),(1111,'安徽长江职业学院',206),(1112,'安徽扬子职业技术学院',323),(1113,'安徽黄梅戏艺术职业学院',134),(1114,'安徽粮食工程职业学院',206),(1115,'安徽卫生健康职业学院',320),(1116,'合肥科技职业学院',206),(1117,'皖北卫生职业学院',87),(1118,'阜阳幼儿师范高等专科学校',157),(1119,'厦门大学',8),(1120,'华侨大学',305),(1121,'福州大学',63),(1122,'福建工程学院',63),(1123,'福建农林大学',63),(1124,'集美大学',8),(1125,'福建医科大学',63),(1126,'福建中医药大学',63),(1127,'福建师范大学',63),(1128,'闽江学院',63),(1129,'武夷学院',120),(1130,'宁德师范学院',159),(1131,'泉州师范学院',305),(1132,'闽南师范大学',330),(1133,'厦门理工学院',8),(1134,'三明学院',40),(1135,'龙岩学院',283),(1136,'福建商学院',63),(1137,'福建警察学院',63),(1138,'莆田学院',169),(1139,'仰恩大学',305),(1140,'厦门医学院',8),(1141,'厦门华厦学院',8),(1142,'闽南理工学院',305),(1143,'福建师范大学闽南科技学院',305),(1144,'福建农林大学东方学院',63),(1145,'厦门工学院',8),(1146,'阳光学院',63),(1147,'厦门大学嘉庚学院',330),(1148,'福州大学至诚学院',63),(1149,'集美大学诚毅学院',8),(1150,'福建师范大学协和学院',63),(1151,'福州外语外贸学院',63),(1152,'福建江夏学院',63),(1153,'泉州信息工程学院',305),(1154,'福州理工学院',63),(1155,'福建农林大学金山学院',63),(1156,'福建船政交通职业学院',63),(1157,'漳州职业技术学院',330),(1158,'闽西职业技术学院',283),(1159,'黎明职业大学',305),(1160,'福建华南女子职业学院',63),(1161,'福州职业技术学院',63),(1162,'福建林业职业技术学院',120),(1163,'福建信息职业技术学院',63),(1164,'福建水利电力职业技术学院',40),(1165,'福建电力职业技术学院',305),(1166,'厦门海洋职业技术学院',8),(1167,'福建农业职业技术学院',63),(1168,'福建卫生职业技术学院',63),(1169,'泉州医学高等专科学校',305),(1170,'福州英华职业学院',63),(1171,'泉州纺织服装职业学院',305),(1172,'泉州华光职业学院',305),(1173,'泉州理工职业学院',305),(1174,'福建警官职业学院',63),(1175,'闽北职业技术学院',120),(1176,'福州黎明职业技术学院',63),(1177,'厦门演艺职业学院',8),(1178,'厦门华天涉外职业技术学院',8),(1179,'福州科技职业技术学院',63),(1180,'泉州经贸职业技术学院',305),(1181,'福建对外经济贸易职业技术学院',63),(1182,'湄洲湾职业技术学院',169),(1183,'福建生物工程职业技术学院',63),(1184,'福建艺术职业学院',63),(1185,'福建幼儿师范高等专科学校',63),(1186,'厦门城市职业学院',8),(1187,'泉州工艺美术职业学院',305),(1188,'三明医学科技职业学院',40),(1189,'宁德职业技术学院',159),(1190,'福州软件职业技术学院',63),(1191,'厦门兴才职业技术学院',8),(1192,'厦门软件职业技术学院',8),(1193,'福建体育职业技术学院',63),(1194,'漳州城市职业学院',330),(1195,'厦门南洋职业学院',8),(1196,'厦门东海职业技术学院',8),(1197,'漳州科技职业学院',330),(1198,'漳州理工职业学院',330),(1199,'武夷山职业学院',120),(1200,'漳州卫生职业学院',330),(1201,'泉州海洋职业学院',305),(1202,'泉州轻工职业学院',305),(1203,'厦门安防科技职业学院',8),(1204,'泉州幼儿师范高等专科学校',305),(1205,'闽江师范高等专科学校',63),(1206,'泉州工程职业技术学院',305),(1207,'福州墨尔本理工职业学院',63),(1208,'南昌大学',35),(1209,'华东交通大学',35),(1210,'东华理工大学',81),(1211,'南昌航空大学',35),(1212,'江西理工大学',100),(1213,'景德镇陶瓷大学',125),(1214,'江西农业大学',35),(1215,'江西中医药大学',35),(1216,'赣南医学院',100),(1217,'江西师范大学',35),(1218,'上饶师范学院',316),(1219,'宜春学院',77),(1220,'赣南师范大学',100),(1221,'井冈山大学',20),(1222,'江西财经大学',35),(1223,'江西科技学院',35),(1224,'景德镇学院',125),(1225,'萍乡学院',238),(1226,'江西科技师范大学',35),(1227,'南昌工程学院',35),(1228,'江西警察学院',35),(1229,'新余学院',147),(1230,'九江学院',261),(1231,'江西工程学院',147),(1232,'南昌理工学院',35),(1233,'江西应用科技学院',35),(1234,'江西服装学院',35),(1235,'南昌工学院',35),(1236,'南昌大学科学技术学院',35),(1237,'南昌大学共青学院',261),(1238,'华东交通大学理工学院',35),(1239,'东华理工大学长江学院',81),(1240,'南昌航空大学科技学院',35),(1241,'江西理工大学应用科学学院',100),(1242,'景德镇陶瓷大学科技艺术学院',125),(1243,'江西农业大学南昌商学院',35),(1244,'江西中医药大学科技学院',35),(1245,'江西师范大学科学技术学院',35),(1246,'赣南师范大学科技学院',100),(1247,'江西科技师范大学理工学院',35),(1248,'江西财经大学现代经济管理学院',35),(1249,'豫章师范学院',35),(1250,'南昌师范学院',35),(1251,'上饶幼儿师范高等专科学校',316),(1252,'抚州幼儿师范高等专科学校',81),(1253,'江西工业职业技术学院',35),(1254,'江西医学高等专科学校',316),(1255,'九江职业大学',261),(1256,'九江职业技术学院',261),(1257,'江西司法警官职业学院',35),(1258,'江西陶瓷工艺美术职业技术学院',125),(1259,'江西旅游商贸职业学院',35),(1260,'江西电力职业技术学院',35),(1261,'江西环境工程职业学院',100),(1262,'江西艺术职业学院',35),(1263,'鹰潭职业技术学院',121),(1264,'江西信息应用职业技术学院',35),(1265,'江西交通职业技术学院',35),(1266,'江西财经职业学院',261),(1267,'江西应用技术职业学院',100),(1268,'江西现代职业技术学院',35),(1269,'江西工业工程职业技术学院',238),(1270,'江西机电职业技术学院',35),(1271,'江西科技职业学院',35),(1272,'南昌职业学院',35),(1273,'江西外语外贸职业学院',35),(1274,'江西工业贸易职业技术学院',35),(1275,'宜春职业技术学院',77),(1276,'江西应用工程职业学院',238),(1277,'江西生物科技职业学院',35),(1278,'江西建设职业技术学院',35),(1279,'抚州职业技术学院',81),(1280,'江西中医药高等专科学校',81),(1281,'江西先锋软件职业技术学院',35),(1282,'江西经济管理职业学院',35),(1283,'江西制造职业技术学院',35),(1284,'江西工程职业学院',35),(1285,'江西青年职业学院',35),(1286,'上饶职业技术学院',316),(1287,'江西航空职业技术学院',35),(1288,'江西农业工程职业学院',77),(1289,'赣西科技职业学院',147),(1290,'江西卫生职业学院',35),(1291,'江西新能源科技职业学院',147),(1292,'江西枫林涉外经贸职业学院',261),(1293,'江西泰豪动漫职业学院',35),(1294,'江西冶金职业技术学院',147),(1295,'江西管理职业学院',35),(1296,'江西传媒职业学院',35),(1297,'江西工商职业技术学院',35),(1298,'景德镇陶瓷职业技术学院',125),(1299,'共青科技职业学院',261),(1300,'赣州师范高等专科学校',100),(1301,'江西水利职业学院',35),(1302,'宜春幼儿师范高等专科学校',77),(1303,'吉安职业技术学院',20),(1304,'江西洪州职业学院',77),(1305,'江西师范高等专科学校',121),(1306,'南昌影视传播职业学院',35),(1307,'赣南卫生健康职业学院',100),(1308,'山东大学',146),(1309,'中国海洋大学',315),(1310,'山东科技大学',315),(1311,'中国石油大学（华东）',315),(1312,'青岛科技大学',315),(1313,'济南大学',146),(1314,'青岛理工大学',315),(1315,'山东建筑大学',146),(1316,'齐鲁工业大学',146),(1317,'山东理工大学',155),(1318,'山东农业大学',177),(1319,'青岛农业大学',315),(1320,'潍坊医学院',276),(1321,'泰山医学院',177),(1322,'滨州医学院',219),(1323,'山东中医药大学',146),(1324,'济宁医学院',307),(1325,'山东师范大学',146),(1326,'曲阜师范大学',307),(1327,'聊城大学',46),(1328,'德州学院',107),(1329,'滨州学院',219),(1330,'鲁东大学',82),(1331,'临沂大学',303),(1332,'泰山学院',177),(1333,'济宁学院',307),(1334,'菏泽学院',200),(1335,'山东财经大学',146),(1336,'山东体育学院',146),(1337,'山东艺术学院',146),(1338,'齐鲁医药学院',155),(1339,'青岛滨海学院',315),(1340,'枣庄学院',233),(1341,'山东工艺美术学院',146),(1342,'青岛大学',315),(1343,'烟台大学',82),(1344,'潍坊学院',276),(1345,'山东警察学院',146),(1346,'山东交通学院',146),(1347,'山东工商学院',82),(1348,'山东女子学院',146),(1349,'烟台南山学院',82),(1350,'潍坊科技学院',276),(1351,'山东英才学院',146),(1352,'青岛恒星科技学院',315),(1353,'青岛黄海学院',315),(1354,'山东现代学院',146),(1355,'山东协和学院',146),(1356,'烟台大学文经学院',82),(1357,'聊城大学东昌学院',46),(1358,'青岛理工大学琴岛学院',315),(1359,'山东师范大学历山学院',146),(1360,'山东财经大学燕山学院',146),(1361,'中国石油大学胜利学院',109),(1362,'山东科技大学泰山科技学院',177),(1363,'山东华宇工学院',107),(1364,'青岛工学院',315),(1365,'青岛农业大学海都学院',82),(1366,'齐鲁理工学院',146),(1367,'山东财经大学东方学院',177),(1368,'济南大学泉城学院',146),(1369,'山东政法学院',146),(1370,'齐鲁师范学院',146),(1371,'山东青年政治学院',146),(1372,'北京电影学院现代创意媒体学院',315),(1373,'山东管理学院',146),(1374,'山东农业工程学院',146),(1375,'山东医学高等专科学校',303),(1376,'菏泽医学专科学校',200),(1377,'山东商业职业技术学院',146),(1378,'山东电力高等专科学校',146),(1379,'日照职业技术学院',280),(1380,'曲阜远东职业技术学院',307),(1381,'青岛职业技术学院',315),(1382,'威海职业学院',71),(1383,'山东职业学院',146),(1384,'山东劳动职业技术学院',146),(1385,'莱芜职业技术学院',277),(1386,'济宁职业技术学院',307),(1387,'潍坊职业学院',276),(1388,'烟台职业学院',82),(1389,'东营职业学院',109),(1390,'聊城职业技术学院',46),(1391,'滨州职业学院',219),(1392,'山东科技职业学院',276),(1393,'山东服装职业学院',177),(1394,'德州科技职业学院',107),(1395,'山东力明科技职业学院',177),(1396,'山东圣翰财贸职业学院',146),(1397,'山东水利职业学院',280),(1398,'山东畜牧兽医职业学院',276),(1399,'青岛飞洋职业技术学院',315),(1400,'东营科技职业学院',109),(1401,'山东交通职业学院',276),(1402,'淄博职业学院',155),(1403,'山东外贸职业学院',315),(1404,'青岛酒店管理职业技术学院',315),(1405,'山东信息职业技术学院',276),(1406,'青岛港湾职业技术学院',315),(1407,'山东胜利职业学院',109),(1408,'山东经贸职业学院',276),(1409,'山东工业职业学院',155),(1410,'山东化工职业学院',155),(1411,'青岛求实职业技术学院',315),(1412,'济南职业学院',146),(1413,'烟台工程职业技术学院',82),(1414,'山东凯文科技职业学院',146),(1415,'山东外国语职业学院',280),(1416,'潍坊工商职业学院',276),(1417,'德州职业技术学院',107),(1418,'枣庄科技职业学院',233),(1419,'淄博师范高等专科学校',155),(1420,'山东中医药高等专科学校',82),(1421,'济南工程职业技术学院',146),(1422,'山东电子职业技术学院',146),(1423,'山东旅游职业学院',146),(1424,'山东铝业职业学院',155),(1425,'山东杏林科技职业学院',146),(1426,'泰山职业技术学院',177),(1427,'山东外事翻译职业学院',71),(1428,'山东药品食品职业学院',71),(1429,'山东商务职业学院',82),(1430,'山东轻工职业学院',155),(1431,'山东城市建设职业学院',146),(1432,'烟台汽车工程职业学院',82),(1433,'山东司法警官职业学院',146),(1434,'菏泽家政职业学院',200),(1435,'山东传媒职业学院',146),(1436,'临沂职业学院',303),(1437,'枣庄职业学院',233),(1438,'山东理工职业学院',307),(1439,'山东文化产业职业学院',82),(1440,'青岛远洋船员职业学院',315),(1441,'济南幼儿师范高等专科学校',146),(1442,'济南护理职业学院',146),(1443,'泰山护理职业学院',177),(1444,'山东海事职业学院',276),(1445,'潍坊护理职业学院',276),(1446,'潍坊工程职业学院',276),(1447,'菏泽职业学院',200),(1448,'山东艺术设计职业学院',146),(1449,'威海海洋职业学院',71),(1450,'山东特殊教育职业学院',146),(1451,'烟台黄金职业学院',82),(1452,'日照航海工程职业学院',280),(1453,'华北水利水电大学',54),(1454,'郑州大学',54),(1455,'河南理工大学',78),(1456,'郑州轻工业学院',54),(1457,'河南工业大学',54),(1458,'河南科技大学',172),(1459,'中原工学院',54),(1460,'河南农业大学',54),(1461,'河南科技学院',142),(1462,'河南牧业经济学院',54),(1463,'河南中医药大学',54),(1464,'新乡医学院',142),(1465,'河南大学',43),(1466,'河南师范大学',142),(1467,'信阳师范学院',138),(1468,'周口师范学院',273),(1469,'安阳师范学院',12),(1470,'许昌学院',187),(1471,'南阳师范学院',93),(1472,'洛阳师范学院',172),(1473,'商丘师范学院',329),(1474,'河南财经政法大学',54),(1475,'郑州航空工业管理学院',54),(1476,'黄淮学院',313),(1477,'平顶山学院',59),(1478,'郑州工程技术学院',54),(1479,'洛阳理工学院',172),(1480,'新乡学院',142),(1481,'信阳农林学院',138),(1482,'河南工学院',142),(1483,'安阳工学院',12),(1484,'河南工程学院',54),(1485,'河南财政金融学院',54),(1486,'南阳理工学院',93),(1487,'河南城建学院',59),(1488,'河南警察学院',54),(1489,'黄河科技学院',54),(1490,'铁道警察学院',54),(1491,'郑州科技学院',54),(1492,'郑州工业应用技术学院',54),(1493,'郑州师范学院',54),(1494,'郑州财经学院',54),(1495,'黄河交通学院',78),(1496,'商丘工学院',329),(1497,'河南大学民生学院',43),(1498,'河南师范大学新联学院',54),(1499,'信阳学院',138),(1500,'安阳学院',12),(1501,'新乡医学院三全学院',142),(1502,'河南科技学院新科学院',142),(1503,'郑州工商学院',54),(1504,'中原工学院信息商务学院',54),(1505,'商丘学院',329),(1506,'郑州成功财经学院',54),(1507,'郑州升达经贸管理学院',54),(1508,'河南职业技术学院',54),(1509,'漯河职业技术学院',110),(1510,'三门峡职业技术学院',188),(1511,'郑州铁路职业技术学院',54),(1512,'开封大学',43),(1513,'焦作大学',78),(1514,'濮阳职业技术学院',175),(1515,'郑州电力高等专科学校',54),(1516,'黄河水利职业技术学院',43),(1517,'许昌职业技术学院',187),(1518,'河南工业和信息化职业学院',78),(1519,'河南水利与环境职业学院',54),(1520,'商丘职业技术学院',329),(1521,'平顶山工业职业技术学院',59),(1522,'周口职业技术学院',273),(1523,'济源职业技术学院',136),(1524,'河南司法警官职业学院',54),(1525,'鹤壁职业技术学院',98),(1526,'河南工业职业技术学院',93),(1527,'郑州澍青医学高等专科学校',54),(1528,'焦作师范高等专科学校',78),(1529,'河南检察职业学院',54),(1530,'河南质量工程职业学院',59),(1531,'郑州信息科技职业学院',54),(1532,'漯河医学高等专科学校',110),(1533,'南阳医学高等专科学校',93),(1534,'商丘医学高等专科学校',329),(1535,'郑州电子信息职业技术学院',54),(1536,'信阳职业技术学院',138),(1537,'嵩山少林武术职业学院',54),(1538,'郑州工业安全职业学院',54),(1539,'永城职业学院',329),(1540,'河南经贸职业学院',54),(1541,'河南交通职业技术学院',54),(1542,'河南农业职业学院',54),(1543,'郑州旅游职业学院',54),(1544,'郑州职业技术学院',54),(1545,'河南信息统计职业学院',54),(1546,'河南林业职业学院',172),(1547,'河南工业贸易职业学院',54),(1548,'郑州电力职业技术学院',54),(1549,'周口科技职业学院',273),(1550,'河南建筑职业技术学院',54),(1551,'漯河食品职业学院',110),(1552,'郑州城市职业学院',54),(1553,'安阳职业技术学院',12),(1554,'新乡职业技术学院',142),(1555,'驻马店职业技术学院',313),(1556,'焦作工贸职业学院',78),(1557,'许昌陶瓷职业学院',187),(1558,'郑州理工职业学院',54),(1559,'郑州信息工程职业学院',54),(1560,'长垣烹饪职业技术学院',142),(1561,'开封文化艺术职业学院',43),(1562,'河南应用技术职业学院',54),(1563,'河南艺术职业学院',54),(1564,'河南机电职业学院',54),(1565,'河南护理职业学院',12),(1566,'许昌电气职业学院',187),(1567,'信阳涉外职业技术学院',138),(1568,'鹤壁汽车工程职业学院',98),(1569,'南阳职业学院',93),(1570,'郑州商贸旅游职业学院',54),(1571,'河南推拿职业学院',172),(1572,'洛阳职业技术学院',172),(1573,'郑州幼儿师范高等专科学校',54),(1574,'安阳幼儿师范高等专科学校',12),(1575,'郑州黄河护理职业学院',54),(1576,'河南医学高等专科学校',54),(1577,'郑州财税金融职业学院',54),(1578,'南阳农业职业学院',93),(1579,'洛阳科技职业学院',172),(1580,'鹤壁能源化工职业学院',98),(1581,'平顶山文化艺术职业学院',59),(1582,'濮阳医学高等专科学校',175),(1583,'驻马店幼儿师范高等专科学校',313),(1584,'三门峡社会管理职业学院',188),(1585,'河南轻工职业学院',54),(1586,'河南测绘职业学院',54),(1587,'武汉大学',164),(1588,'华中科技大学',164),(1589,'武汉科技大学',164),(1590,'长江大学',47),(1591,'武汉工程大学',164),(1592,'中国地质大学（武汉）',164),(1593,'武汉纺织大学',164),(1594,'武汉轻工大学',164),(1595,'武汉理工大学',164),(1596,'湖北工业大学',164),(1597,'华中农业大学',164),(1598,'湖北中医药大学',164),(1599,'华中师范大学',164),(1600,'湖北大学',164),(1601,'湖北师范大学',44),(1602,'黄冈师范学院',220),(1603,'湖北民族学院',83),(1604,'汉江师范学院',257),(1605,'湖北文理学院',62),(1606,'中南财经政法大学',164),(1607,'武汉体育学院',164),(1608,'湖北美术学院',164),(1609,'中南民族大学',164),(1610,'湖北汽车工业学院',257),(1611,'湖北工程学院',247),(1612,'湖北理工学院',44),(1613,'湖北科技学院',10),(1614,'湖北医药学院',257),(1615,'江汉大学',164),(1616,'三峡大学',236),(1617,'湖北警官学院',164),(1618,'荆楚理工学院',165),(1619,'武汉音乐学院',164),(1620,'湖北经济学院',164),(1621,'武汉商学院',164),(1622,'武汉东湖学院',164),(1623,'汉口学院',164),(1624,'武昌首义学院',164),(1625,'武昌理工学院',164),(1626,'武汉生物工程学院',164),(1627,'武汉晴川学院',164),(1628,'湖北大学知行学院',164),(1629,'武汉科技大学城市学院',164),(1630,'三峡大学科技学院',236),(1631,'江汉大学文理学院',164),(1632,'湖北工业大学工程技术学院',164),(1633,'武汉工程大学邮电与信息工程学院',164),(1634,'武汉纺织大学外经贸学院',164),(1635,'武昌工学院',164),(1636,'武汉工商学院',164),(1637,'长江大学工程技术学院',47),(1638,'长江大学文理学院',47),(1639,'湖北商贸学院',164),(1640,'湖北汽车工业学院科技学院',257),(1641,'湖北医药学院药护学院',257),(1642,'湖北民族学院科技学院',83),(1643,'湖北经济学院法商学院',164),(1644,'武汉体育学院体育科技学院',164),(1645,'湖北师范大学文理学院',44),(1646,'湖北文理学院理工学院',62),(1647,'湖北工程学院新技术学院',247),(1648,'文华学院',164),(1649,'武汉学院',164),(1650,'武汉工程科技学院',164),(1651,'武汉华夏理工学院',164),(1652,'武汉传媒学院',164),(1653,'武汉设计工程学院',164),(1654,'湖北第二师范学院',164),(1655,'武汉职业技术学院',164),(1656,'黄冈职业技术学院',220),(1657,'长江职业学院',164),(1658,'荆州理工职业学院',47),(1659,'湖北工业职业技术学院',257),(1660,'鄂州职业大学',37),(1661,'武汉城市职业学院',164),(1662,'湖北职业技术学院',247),(1663,'武汉船舶职业技术学院',164),(1664,'恩施职业技术学院',83),(1665,'襄阳职业技术学院',62),(1666,'武汉工贸职业学院',164),(1667,'荆州职业技术学院',47),(1668,'武汉工程职业技术学院',164),(1669,'仙桃职业学院',254),(1670,'湖北轻工职业技术学院',164),(1671,'湖北交通职业技术学院',164),(1672,'湖北中医药高等专科学校',47),(1673,'武汉航海职业技术学院',164),(1674,'武汉铁路职业技术学院',164),(1675,'武汉软件工程职业学院',164),(1676,'湖北三峡职业技术学院',236),(1677,'随州职业技术学院',139),(1678,'武汉电力职业技术学院',164),(1679,'湖北水利水电职业技术学院',164),(1680,'湖北城市建设职业技术学院',164),(1681,'武汉警官职业学院',164),(1682,'湖北生物科技职业学院',164),(1683,'湖北开放职业学院',164),(1684,'武汉科技职业学院',164),(1685,'武汉外语外事职业学院',164),(1686,'武汉信息传播职业技术学院',164),(1687,'武昌职业学院',164),(1688,'武汉商贸职业学院',164),(1689,'湖北艺术职业学院',164),(1690,'武汉交通职业学院',164),(1691,'咸宁职业技术学院',10),(1692,'长江工程职业技术学院',164),(1693,'江汉艺术职业学院',70),(1694,'武汉工业职业技术学院',164),(1695,'武汉民政职业学院',164),(1696,'鄂东职业技术学院',220),(1697,'湖北财税职业学院',164),(1698,'黄冈科技职业学院',220),(1699,'湖北国土资源职业学院',164),(1700,'湖北生态工程职业技术学院',164),(1701,'三峡电力职业学院',236),(1702,'湖北科技职业学院',164),(1703,'湖北青年职业学院',164),(1704,'湖北工程职业学院',44),(1705,'三峡旅游职业技术学院',236),(1706,'天门职业学院',222),(1707,'湖北体育职业学院',164),(1708,'襄阳汽车职业技术学院',62),(1709,'湖北幼儿师范高等专科学校',164),(1710,'湖北铁道运输职业学院',164),(1711,'武汉海事职业学院',164),(1712,'长江艺术工程职业学院',47),(1713,'荆门职业学院',165),(1714,'武汉铁路桥梁职业学院',164),(1715,'武汉光谷职业学院',164),(1716,'湘潭大学',167),(1717,'吉首大学',28),(1718,'湖南大学',74),(1719,'中南大学',74),(1720,'湖南科技大学',167),(1721,'长沙理工大学',74),(1722,'湖南农业大学',74),(1723,'中南林业科技大学',74),(1724,'湖南中医药大学',74),(1725,'湖南师范大学',74),(1726,'湖南理工学院',205),(1727,'湘南学院',326),(1728,'衡阳师范学院',33),(1729,'邵阳学院',264),(1730,'怀化学院',129),(1731,'湖南文理学院',9),(1732,'湖南科技学院',296),(1733,'湖南人文科技学院',41),(1734,'湖南商学院',74),(1735,'南华大学',33),(1736,'长沙医学院',74),(1737,'长沙学院',74),(1738,'湖南工程学院',167),(1739,'湖南城市学院',278),(1740,'湖南工学院',33),(1741,'湖南财政经济学院',74),(1742,'湖南警察学院',74),(1743,'湖南工业大学',179),(1744,'湖南女子学院',74),(1745,'湖南第一师范学院',74),(1746,'湖南医药学院',129),(1747,'湖南涉外经济学院',74),(1748,'湘潭大学兴湘学院',167),(1749,'湖南工业大学科技学院',179),(1750,'湖南科技大学潇湘学院',167),(1751,'南华大学船山学院',33),(1752,'湖南商学院北津学院',74),(1753,'湖南师范大学树达学院',74),(1754,'湖南农业大学东方科技学院',74),(1755,'中南林业科技大学涉外学院',74),(1756,'湖南文理学院芙蓉学院',9),(1757,'湖南理工学院南湖学院',205),(1758,'衡阳师范学院南岳学院',33),(1759,'湖南工程学院应用技术学院',167),(1760,'湖南中医药大学湘杏学院',74),(1761,'吉首大学张家界学院',321),(1762,'长沙理工大学城南学院',74),(1763,'长沙师范学院',74),(1764,'湖南应用技术学院',9),(1765,'湖南信息学院',74),(1766,'湖南交通工程学院',33),(1767,'湘中幼儿师范高等专科学校',264),(1768,'长沙民政职业技术学院',74),(1769,'湖南工业职业技术学院',74),(1770,'株洲师范高等专科学校',179),(1771,'湖南信息职业技术学院',74),(1772,'湖南税务高等专科学校',74),(1773,'湖南冶金职业技术学院',179),(1774,'长沙航空职业技术学院',74),(1775,'湖南大众传媒职业技术学院',74),(1776,'永州职业技术学院',296),(1777,'湖南铁道职业技术学院',179),(1778,'湖南科技职业学院',74),(1779,'湖南生物机电职业技术学院',74),(1780,'湖南交通职业技术学院',74),(1781,'湖南商务职业技术学院',74),(1782,'湖南体育职业学院',74),(1783,'湖南工程职业技术学院',74),(1784,'保险职业学院',74),(1785,'湖南外贸职业学院',74),(1786,'湖南网络工程职业学院',74),(1787,'邵阳职业技术学院',264),(1788,'湖南司法警官职业学院',74),(1789,'长沙商贸旅游职业技术学院',74),(1790,'湖南环境生物职业技术学院',33),(1791,'湖南邮电职业技术学院',74),(1792,'湘潭医卫职业技术学院',167),(1793,'郴州职业技术学院',326),(1794,'娄底职业技术学院',41),(1795,'张家界航空工业职业技术学院',321),(1796,'长沙环境保护职业技术学院',74),(1797,'湖南艺术职业学院',74),(1798,'湖南机电职业技术学院',74),(1799,'长沙职业技术学院',74),(1800,'怀化职业技术学院',129),(1801,'岳阳职业技术学院',205),(1802,'常德职业技术学院',9),(1803,'长沙南方职业学院',74),(1804,'潇湘职业学院',41),(1805,'湖南化工职业技术学院',179),(1806,'湖南城建职业技术学院',167),(1807,'湖南石油化工职业技术学院',205),(1808,'湖南中医药高等专科学校',179),(1809,'湖南民族职业学院',205),(1810,'湘西民族职业技术学院',28),(1811,'湖南财经工业职业技术学院',33),(1812,'益阳职业技术学院',278),(1813,'湖南工艺美术职业学院',278),(1814,'湖南九嶷职业技术学院',296),(1815,'湖南理工职业技术学院',167),(1816,'湖南软件职业学院',167),(1817,'湖南汽车工程职业学院',179),(1818,'长沙电力职业技术学院',74),(1819,'湖南水利水电职业技术学院',74),(1820,'湖南现代物流职业技术学院',74),(1821,'湖南高速铁路职业技术学院',33),(1822,'湖南铁路科技职业技术学院',179),(1823,'湖南安全技术职业学院',74),(1824,'湖南电气职业技术学院',167),(1825,'湖南外国语职业学院',74),(1826,'益阳医学高等专科学校',278),(1827,'湖南都市职业学院',74),(1828,'湖南电子科技职业学院',74),(1829,'湖南国防工业职业技术学院',167),(1830,'湖南高尔夫旅游职业学院',9),(1831,'湖南工商职业学院',33),(1832,'湖南三一工业职业技术学院',74),(1833,'长沙卫生职业学院',74),(1834,'湖南食品药品职业学院',74),(1835,'湖南有色金属职业技术学院',179),(1836,'湖南吉利汽车职业技术学院',167),(1837,'湖南幼儿师范高等专科学校',9),(1838,'湘南幼儿师范高等专科学校',326),(1839,'湖南劳动人事职业学院',74),(1840,'中山大学',309),(1841,'暨南大学',309),(1842,'汕头大学',297),(1843,'华南理工大学',309),(1844,'华南农业大学',309),(1845,'广东海洋大学',113),(1846,'广州医科大学',309),(1847,'广东医科大学',113),(1848,'广州中医药大学',309),(1849,'广东药科大学',309),(1850,'华南师范大学',309),(1851,'韶关学院',168),(1852,'惠州学院',288),(1853,'韩山师范学院',76),(1854,'岭南师范学院',113),(1855,'肇庆学院',137),(1856,'嘉应学院',117),(1857,'广州体育学院',309),(1858,'广州美术学院',309),(1859,'星海音乐学院',309),(1860,'广东技术师范学院',309),(1861,'深圳大学',199),(1862,'广东财经大学',309),(1863,'广东白云学院',309),(1864,'广州大学',309),(1865,'广州航海学院',309),(1866,'广东警官学院',309),(1867,'仲恺农业工程学院',309),(1868,'五邑大学',11),(1869,'广东金融学院',309),(1870,'电子科技大学中山学院',282),(1871,'广东石油化工学院',317),(1872,'东莞理工学院',72),(1873,'广东工业大学',309),(1874,'广东外语外贸大学',309),(1875,'佛山科学技术学院',240),(1876,'广东培正学院',309),(1877,'南方医科大学',309),(1878,'广东东软学院',240),(1879,'华南理工大学广州学院',309),(1880,'广州大学华软软件学院',309),(1881,'中山大学南方学院',309),(1882,'广东外语外贸大学南国商学院',309),(1883,'广东财经大学华商学院',309),(1884,'广东海洋大学寸金学院',113),(1885,'华南农业大学珠江学院',309),(1886,'广东技术师范学院天河学院',309),(1887,'北京师范大学珠海分校',92),(1888,'广东工业大学华立学院',309),(1889,'广州大学松田学院',309),(1890,'广州商学院',309),(1891,'北京理工大学珠海学院',92),(1892,'吉林大学珠海学院',92),(1893,'广州工商学院',309),(1894,'广东科技学院',72),(1895,'广东理工学院',137),(1896,'东莞理工学院城市学院',72),(1897,'中山大学新华学院',309),(1898,'广东第二师范学院',309),(1899,'南方科技大学',199),(1900,'北京师范大学-香港浸会大学联合国际学院',92),(1901,'香港中文大学（深圳）',199),(1902,'深圳北理莫斯科大学',199),(1903,'广东以色列理工学院',297),(1904,'顺德职业技术学院',240),(1905,'广东轻工职业技术学院',309),(1906,'广东交通职业技术学院',309),(1907,'广东水利电力职业技术学院',309),(1908,'潮汕职业技术学院',210),(1909,'深圳职业技术学院',199),(1910,'广东南华工商职业学院',309),(1911,'私立华联学院',309),(1912,'广州民航职业技术学院',309),(1913,'广州番禺职业技术学院',309),(1914,'广东松山职业技术学院',168),(1915,'广东农工商职业技术学院',309),(1916,'广东新安职业技术学院',199),(1917,'佛山职业技术学院',240),(1918,'广东科学技术职业学院',309),(1919,'广东食品药品职业学院',309),(1920,'广州康大职业技术学院',309),(1921,'珠海艺术职业学院',92),(1922,'广东行政职业学院',309),(1923,'广东体育职业技术学院',309),(1924,'广东职业技术学院',240),(1925,'广东建设职业技术学院',309),(1926,'广东女子职业技术学院',309),(1927,'广东机电职业技术学院',309),(1928,'广东岭南职业技术学院',309),(1929,'汕尾职业技术学院',192),(1930,'罗定职业技术学院',258),(1931,'阳江职业技术学院',115),(1932,'河源职业技术学院',119),(1933,'广东邮电职业技术学院',309),(1934,'汕头职业技术学院',297),(1935,'揭阳职业技术学院',210),(1936,'深圳信息职业技术学院',199),(1937,'清远职业技术学院',300),(1938,'广东工贸职业技术学院',309),(1939,'广东司法警官职业学院',309),(1940,'广东亚视演艺职业学院',72),(1941,'广东省外语艺术职业学院',309),(1942,'广东文艺职业学院',309),(1943,'广州体育职业技术学院',309),(1944,'广州工程技术职业学院',309),(1945,'中山火炬职业技术学院',282),(1946,'江门职业技术学院',11),(1947,'茂名职业技术学院',317),(1948,'珠海城市职业技术学院',92),(1949,'广州涉外经济职业技术学院',309),(1950,'广州南洋理工职业学院',309),(1951,'广州科技职业技术学院',309),(1952,'惠州经济职业技术学院',288),(1953,'广东工商职业学院',137),(1954,'肇庆医学高等专科学校',137),(1955,'广州现代信息工程职业技术学院',309),(1956,'广东理工职业学院',309),(1957,'广州华南商贸职业学院',309),(1958,'广州华立科技职业学院',309),(1959,'广州城市职业学院',309),(1960,'广东工程职业技术学院',309),(1961,'广州铁路职业技术学院',309),(1962,'广东科贸职业学院',309),(1963,'广州科技贸易职业学院',309),(1964,'中山职业技术学院',282),(1965,'广州珠江职业技术学院',309),(1966,'广州松田职业学院',309),(1967,'广东文理职业学院',113),(1968,'广州城建职业学院',309),(1969,'东莞职业技术学院',72),(1970,'广东南方职业学院',11),(1971,'广州华商职业学院',309),(1972,'广州华夏职业学院',309),(1973,'广东环境保护工程职业学院',240),(1974,'广东青年职业学院',309),(1975,'广州东华职业学院',309),(1976,'广东创新科技职业学院',72),(1977,'广东舞蹈戏剧职业学院',309),(1978,'惠州卫生职业技术学院',288),(1979,'广东信息工程职业学院',137),(1980,'广东生态工程职业学院',309),(1981,'惠州城市职业学院',288),(1982,'广东碧桂园职业学院',300),(1983,'公安边防部队高等专科学校',309),(1984,'广东茂名健康职业学院',317),(1985,'广东酒店管理职业技术学院',72),(1986,'广东茂名幼儿师范专科学校',317),(1987,'广州卫生职业技术学院',309),(1988,'惠州工程职业学院',288),(1989,'广东江门中医药职业学院',11),(1990,'湛江幼儿师范专科学校',113),(1991,'广西大学',244),(1992,'广西科技大学',86),(1993,'桂林电子科技大学',101),(1994,'桂林理工大学',101),(1995,'广西医科大学',244),(1996,'右江民族医学院',149),(1997,'广西中医药大学',244),(1998,'桂林医学院',101),(1999,'广西师范大学',101),(2000,'广西师范学院',244),(2001,'广西民族师范学院',204),(2002,'河池学院',29),(2003,'玉林师范学院',174),(2004,'广西艺术学院',244),(2005,'广西民族大学',244),(2006,'百色学院',149),(2007,'梧州学院',215),(2008,'广西科技师范学院',275),(2009,'广西财经学院',244),(2010,'南宁学院',244),(2011,'钦州学院',182),(2012,'桂林航天工业学院',101),(2013,'桂林旅游学院',101),(2014,'贺州学院',84),(2015,'广西警察学院',244),(2016,'北海艺术设计学院',252),(2017,'广西大学行健文理学院',244),(2018,'广西科技大学鹿山学院',86),(2019,'广西民族大学相思湖学院',244),(2020,'广西师范大学漓江学院',101),(2021,'广西师范学院师园学院',244),(2022,'广西中医药大学赛恩斯新医药学院',244),(2023,'桂林电子科技大学信息科技学院',101),(2024,'桂林理工大学博文管理学院',101),(2025,'广西外国语学院',244),(2026,'北京航空航天大学北海学院',252),(2027,'广西机电职业技术学院',244),(2028,'广西体育高等专科学校',244),(2029,'南宁职业技术学院',244),(2030,'广西水利电力职业技术学院',244),(2031,'桂林师范高等专科学校',101),(2032,'广西职业技术学院',244),(2033,'柳州职业技术学院',86),(2034,'广西生态工程职业技术学院',86),(2035,'广西交通职业技术学院',244),(2036,'广西工业职业技术学院',244),(2037,'广西国际商务职业技术学院',244),(2038,'广西农业职业技术学院',244),(2039,'柳州铁道职业技术学院',86),(2040,'广西建设职业技术学院',244),(2041,'广西现代职业技术学院',29),(2042,'北海职业学院',252),(2043,'桂林山水职业学院',101),(2044,'广西经贸职业技术学院',244),(2045,'广西工商职业技术学院',244),(2046,'广西演艺职业学院',244),(2047,'广西电力职业技术学院',244),(2048,'广西城市职业学院',204),(2049,'广西英华国际职业学院',182),(2050,'柳州城市职业学院',86),(2051,'百色职业学院',149),(2052,'广西工程职业学院',149),(2053,'广西理工职业技术学院',204),(2054,'梧州职业学院',215),(2055,'广西经济职业学院',244),(2056,'广西幼儿师范高等专科学校',244),(2057,'广西科技职业学院',204),(2058,'广西卫生职业技术学院',244),(2059,'广西培贤国际职业学院',149),(2060,'广西金融职业技术学院',244),(2061,'广西中远职业学院',204),(2062,'玉柴职业技术学院',174),(2063,'广西蓝天航空职业学院',275),(2064,'广西安全工程职业技术学院',244),(2065,'海南大学',262),(2066,'海南热带海洋学院',216),(2067,'海南师范大学',262),(2068,'海南医学院',262),(2069,'海口经济学院',262),(2070,'琼台师范学院',262),(2071,'三亚学院',216),(2072,'海南职业技术学院',262),(2073,'三亚城市职业学院',216),(2074,'海南软件职业技术学院',225),(2075,'海南政法职业学院',262),(2076,'海南外国语职业学院',112),(2077,'海南经贸职业技术学院',262),(2078,'海南工商职业学院',262),(2079,'三亚航空旅游职业学院',216),(2080,'海南科技职业学院',262),(2081,'三亚理工职业学院',216),(2082,'海南体育职业技术学院',262),(2083,'三亚中瑞酒店管理职业学院',216),(2084,'重庆大学',135),(2085,'重庆邮电大学',135),(2086,'重庆交通大学',135),(2087,'重庆医科大学',135),(2088,'西南大学',135),(2089,'重庆师范大学',135),(2090,'重庆文理学院',135),(2091,'重庆三峡学院',135),(2092,'长江师范学院',135),(2093,'四川外国语大学',135),(2094,'西南政法大学',135),(2095,'四川美术学院',135),(2096,'重庆科技学院',135),(2097,'重庆理工大学',135),(2098,'重庆工商大学',135),(2099,'重庆工程学院',135),(2100,'重庆大学城市科技学院',135),(2101,'重庆警察学院',135),(2102,'重庆人文科技学院',135),(2103,'四川外国语大学重庆南方翻译学院',135),(2104,'重庆师范大学涉外商贸学院',135),(2105,'重庆工商大学融智学院',135),(2106,'重庆工商大学派斯学院',135),(2107,'重庆邮电大学移通学院',135),(2108,'重庆第二师范学院',135),(2109,'重庆航天职业技术学院',135),(2110,'重庆电力高等专科学校',135),(2111,'重庆工业职业技术学院',135),(2112,'重庆三峡职业学院',135),(2113,'重庆工贸职业技术学院',135),(2114,'重庆机电职业技术学院',135),(2115,'重庆电子工程职业学院',135),(2116,'重庆海联职业技术学院',135),(2117,'重庆信息技术职业学院',135),(2118,'重庆传媒职业学院',135),(2119,'重庆城市管理职业学院',135),(2120,'重庆工程职业技术学院',135),(2121,'重庆房地产职业学院',135),(2122,'重庆城市职业学院',135),(2123,'重庆水利电力职业技术学院',135),(2124,'重庆工商职业学院',135),(2125,'重庆应用技术职业学院',135),(2126,'重庆三峡医药高等专科学校',135),(2127,'重庆医药高等专科学校',135),(2128,'重庆青年职业技术学院',135),(2129,'重庆财经职业学院',135),(2130,'重庆科创职业学院',135),(2131,'重庆建筑工程职业学院',135),(2132,'重庆电讯职业学院',135),(2133,'重庆能源职业学院',135),(2134,'重庆商务职业学院',135),(2135,'重庆交通职业学院',135),(2136,'重庆化工职业学院',135),(2137,'重庆旅游职业学院',135),(2138,'重庆安全技术职业学院',135),(2139,'重庆公共运输职业学院',135),(2140,'重庆艺术工程职业学院',135),(2141,'重庆轻工职业学院',135),(2142,'重庆电信职业学院',135),(2143,'重庆经贸职业学院',135),(2144,'重庆幼儿师范高等专科学校',135),(2145,'重庆文化艺术职业学院',135),(2146,'重庆科技职业学院',135),(2147,'重庆资源与环境保护职业学院',135),(2148,'重庆护理职业学院',135),(2149,'四川大学',189),(2150,'西南交通大学',189),(2151,'电子科技大学',189),(2152,'西南石油大学',189),(2153,'成都理工大学',189),(2154,'西南科技大学',6),(2155,'成都信息工程大学',189),(2156,'四川理工学院',259),(2157,'西华大学',189),(2158,'中国民用航空飞行学院',217),(2159,'四川农业大学',218),(2160,'西昌学院',265),(2161,'西南医科大学',239),(2162,'成都中医药大学',189),(2163,'川北医学院',292),(2164,'四川师范大学',189),(2165,'西华师范大学',292),(2166,'绵阳师范学院',6),(2167,'内江师范学院',143),(2168,'宜宾学院',298),(2169,'四川文理学院',4),(2170,'阿坝师范学院',80),(2171,'乐山师范学院',181),(2172,'西南财经大学',189),(2173,'成都体育学院',189),(2174,'四川音乐学院',189),(2175,'西南民族大学',189),(2176,'成都学院',189),(2177,'成都工业学院',189),(2178,'攀枝花学院',284),(2179,'四川旅游学院',189),(2180,'四川民族学院',306),(2181,'四川警察学院',239),(2182,'成都东软学院',189),(2183,'电子科技大学成都学院',189),(2184,'成都理工大学工程技术学院',181),(2185,'四川传媒学院',189),(2186,'成都信息工程大学银杏酒店管理学院',189),(2187,'成都文理学院',189),(2188,'四川工商学院',189),(2189,'四川外国语大学成都学院',189),(2190,'成都医学院',189),(2191,'四川工业科技学院',217),(2192,'四川大学锦城学院',189),(2193,'西南财经大学天府学院',6),(2194,'四川大学锦江学院',285),(2195,'四川文化艺术学院',6),(2196,'西南科技大学城市学院',6),(2197,'西南交通大学希望学院',292),(2198,'成都师范学院',189),(2199,'四川电影电视学院',189),(2200,'成都纺织高等专科学校',189),(2201,'民办四川天一学院',189),(2202,'成都航空职业技术学院',189),(2203,'四川电力职业技术学院',189),(2204,'成都职业技术学院',189),(2205,'四川化工职业技术学院',239),(2206,'四川水利职业技术学院',189),(2207,'南充职业技术学院',292),(2208,'内江职业技术学院',143),(2209,'四川航天职业技术学院',189),(2210,'四川邮电职业技术学院',189),(2211,'四川机电职业技术学院',284),(2212,'绵阳职业技术学院',6),(2213,'四川交通职业技术学院',189),(2214,'四川工商职业技术学院',189),(2215,'四川工程职业技术学院',217),(2216,'四川建筑职业技术学院',217),(2217,'达州职业技术学院',4),(2218,'四川托普信息技术职业学院',189),(2219,'四川国际标榜职业学院',189),(2220,'成都农业科技职业学院',189),(2221,'宜宾职业技术学院',298),(2222,'泸州职业技术学院',239),(2223,'眉山职业技术学院',285),(2224,'成都艺术职业学院',189),(2225,'四川职业技术学院',38),(2226,'乐山职业技术学院',181),(2227,'雅安职业技术学院',218),(2228,'四川商务职业学院',189),(2229,'四川司法警官职业学院',217),(2230,'广安职业技术学院',185),(2231,'四川信息职业技术学院',111),(2232,'四川文化传媒职业学院',189),(2233,'四川华新现代职业学院',189),(2234,'四川管理职业学院',189),(2235,'四川艺术职业学院',189),(2236,'四川中医药高等专科学校',6),(2237,'四川科技职业学院',189),(2238,'四川文化产业职业学院',189),(2239,'四川财经职业学院',189),(2240,'四川城市职业学院',189),(2241,'四川现代职业学院',189),(2242,'四川幼儿师范高等专科学校',6),(2243,'四川长江职业学院',189),(2244,'四川三河职业学院',239),(2245,'川北幼儿师范高等专科学校',111),(2246,'四川卫生康复职业学院',259),(2247,'四川汽车职业技术学院',6),(2248,'巴中职业技术学院',150),(2249,'四川希望汽车职业学院',49),(2250,'四川电子机械职业技术学院',6),(2251,'四川文轩职业学院',189),(2252,'川南幼儿师范高等专科学校',143),(2253,'四川护理职业学院',217),(2254,'成都工业职业技术学院',189),(2255,'四川西南航空职业学院',189),(2256,'成都工贸职业技术学院',189),(2257,'四川应用技术职业学院',24),(2258,'贵州大学',1),(2259,'贵州医科大学',1),(2260,'遵义医学院',22),(2261,'贵阳中医学院',1),(2262,'贵州师范大学',1),(2263,'遵义师范学院',22),(2264,'铜仁学院',153),(2265,'兴义民族师范学院',266),(2266,'安顺学院',242),(2267,'贵州工程应用技术学院',325),(2268,'凯里学院',243),(2269,'黔南民族师范学院',158),(2270,'贵州财经大学',1),(2271,'贵州民族大学',1),(2272,'贵阳学院',1),(2273,'六盘水师范学院',48),(2274,'贵州商学院',1),(2275,'贵州警察学院',1),(2276,'贵阳中医学院时珍学院',1),(2277,'贵州财经大学商务学院',1),(2278,'贵州大学科技学院',1),(2279,'贵州大学明德学院',1),(2280,'贵州民族大学人文科技学院',1),(2281,'贵州师范大学求是学院',1),(2282,'遵义医学院医学与科技学院',22),(2283,'贵州医科大学神奇民族医药学院',1),(2284,'贵州师范学院',1),(2285,'贵州理工学院',1),(2286,'茅台学院',22),(2287,'黔南民族医学高等专科学校',158),(2288,'贵州交通职业技术学院',1),(2289,'贵州航天职业技术学院',22),(2290,'贵州电子信息职业技术学院',243),(2291,'安顺职业技术学院',242),(2292,'黔东南民族职业技术学院',243),(2293,'黔南民族职业技术学院',158),(2294,'遵义职业技术学院',22),(2295,'贵州城市职业学院',1),(2296,'贵州工业职业技术学院',1),(2297,'贵州电力职业技术学院',1),(2298,'六盘水职业技术学院',48),(2299,'铜仁职业技术学院',153),(2300,'黔西南民族职业技术学院',266),(2301,'贵州轻工职业技术学院',1),(2302,'遵义医药高等专科学校',22),(2303,'贵阳护理职业学院',1),(2304,'贵阳职业技术学院',1),(2305,'毕节职业技术学院',325),(2306,'贵州职业技术学院',1),(2307,'贵州盛华职业学院',158),(2308,'贵州工商职业学院',1),(2309,'贵阳幼儿师范高等专科学校',1),(2310,'铜仁幼儿师范高等专科学校',153),(2311,'黔南民族幼儿师范高等专科学校',158),(2312,'毕节医学高等专科学校',325),(2313,'贵州建设职业技术学院',1),(2314,'毕节幼儿师范高等专科学校',325),(2315,'贵州农业职业学院',1),(2316,'贵州工程职业学院',153),(2317,'贵州工贸职业学院',325),(2318,'贵州水利水电职业技术学院',1),(2319,'贵州电子商务职业技术学院',1),(2320,'贵州应用技术职业学院',158),(2321,'贵州电子科技职业学院',1),(2322,'贵州装备制造职业学院',1),(2323,'贵州健康职业学院',153),(2324,'贵州食品工程职业学院',1),(2325,'贵州经贸职业技术学院',158),(2326,'贵州护理职业技术学院',158),(2327,'贵州航空职业技术学院',1),(2328,'云南大学',287),(2329,'昆明理工大学',287),(2330,'云南农业大学',287),(2331,'西南林业大学',287),(2332,'昆明医科大学',287),(2333,'大理大学',212),(2334,'云南中医学院',287),(2335,'云南师范大学',287),(2336,'昭通学院',250),(2337,'曲靖师范学院',39),(2338,'普洱学院',45),(2339,'保山学院',241),(2340,'红河学院',234),(2341,'云南财经大学',287),(2342,'云南艺术学院',287),(2343,'云南民族大学',287),(2344,'玉溪师范学院',55),(2345,'楚雄师范学院',85),(2346,'云南警官学院',287),(2347,'昆明学院',287),(2348,'文山学院',256),(2349,'云南经济管理学院',287),(2350,'云南大学滇池学院',287),(2351,'云南大学旅游文化学院',289),(2352,'昆明理工大学津桥学院',287),(2353,'云南师范大学商学院',287),(2354,'云南师范大学文理学院',287),(2355,'昆明医科大学海源学院',287),(2356,'云南艺术学院文华学院',287),(2357,'云南工商学院',287),(2358,'滇西科技师范学院',52),(2359,'滇西应用技术大学',212),(2360,'昆明冶金高等专科学校',287),(2361,'云南国土资源职业学院',287),(2362,'云南交通职业技术学院',287),(2363,'昆明工业职业技术学院',287),(2364,'云南农业职业技术学院',287),(2365,'云南司法警官职业学院',287),(2366,'云南文化艺术职业学院',287),(2367,'云南体育运动职业技术学院',287),(2368,'云南科技信息职业学院',287),(2369,'西双版纳职业技术学院',263),(2370,'昆明艺术职业学院',287),(2371,'玉溪农业职业技术学院',55),(2372,'云南能源职业技术学院',39),(2373,'云南国防工业职业技术学院',287),(2374,'云南机电职业技术学院',287),(2375,'云南林业职业技术学院',287),(2376,'云南城市建设职业学院',287),(2377,'云南工程职业学院',287),(2378,'曲靖医学高等专科学校',39),(2379,'楚雄医药高等专科学校',85),(2380,'保山中医药高等专科学校',241),(2381,'丽江师范高等专科学校',289),(2382,'德宏师范高等专科学校',88),(2383,'云南新兴职业学院',287),(2384,'云南锡业职业技术学院',234),(2385,'云南经贸外事职业学院',287),(2386,'云南三鑫职业技术学院',256),(2387,'德宏职业学院',88),(2388,'云南商务职业学院',287),(2389,'昆明卫生职业学院',287),(2390,'云南现代职业技术学院',85),(2391,'云南旅游职业学院',287),(2392,'红河卫生职业学院',234),(2393,'云南外事外语职业学院',287),(2394,'大理农林职业技术学院',212),(2395,'公安消防部队高等专科学校',287),(2396,'云南财经职业学院',287),(2397,'昆明铁道职业技术学院',287),(2398,'昭通卫生职业学院',250),(2399,'大理护理职业学院',212),(2400,'云南水利水电职业学院',287),(2401,'云南轻纺职业学院',287),(2402,'云南特殊教育职业学院',287),(2403,'云南工贸职业技术学院',287),(2404,'云南交通运输职业学院',287),(2405,'西藏大学',131),(2406,'西藏民族大学',293),(2407,'西藏藏医学院',131),(2408,'西藏农牧学院',201),(2409,'西藏警官高等专科学校',131),(2410,'拉萨师范高等专科学校',131),(2411,'西藏职业技术学院',131),(2412,'西北大学',211),(2413,'西安交通大学',211),(2414,'西北工业大学',211),(2415,'西安理工大学',211),(2416,'西安电子科技大学',211),(2417,'西安工业大学',211),(2418,'西安建筑科技大学',211),(2419,'西安科技大学',211),(2420,'西安石油大学',211),(2421,'陕西科技大学',211),(2422,'西安工程大学',211),(2423,'长安大学',211),(2424,'西北农林科技大学',293),(2425,'陕西中医药大学',293),(2426,'陕西师范大学',211),(2427,'延安大学',56),(2428,'陕西理工大学',130),(2429,'宝鸡文理学院',184),(2430,'咸阳师范学院',293),(2431,'渭南师范学院',312),(2432,'西安外国语大学',211),(2433,'西北政法大学',211),(2434,'西安体育学院',211),(2435,'西安音乐学院',211),(2436,'西安美术学院',211),(2437,'西安文理学院',211),(2438,'榆林学院',124),(2439,'商洛学院',198),(2440,'安康学院',15),(2441,'西安培华学院',211),(2442,'西安财经学院',211),(2443,'西安邮电大学',211),(2444,'西安航空学院',211),(2445,'西安医学院',211),(2446,'西安欧亚学院',211),(2447,'西安外事学院',211),(2448,'西安翻译学院',211),(2449,'西京学院',211),(2450,'西安思源学院',211),(2451,'陕西国际商贸学院',293),(2452,'陕西服装工程学院',293),(2453,'西安交通工程学院',211),(2454,'西安交通大学城市学院',211),(2455,'西北大学现代学院',211),(2456,'西安建筑科技大学华清学院',211),(2457,'西安财经学院行知学院',211),(2458,'陕西科技大学镐京学院',293),(2459,'西安工业大学北方信息工程学院',211),(2460,'延安大学西安创新学院',211),(2461,'西安电子科技大学长安学院',211),(2462,'西北工业大学明德学院',211),(2463,'长安大学兴华学院',211),(2464,'西安理工大学高科学院',211),(2465,'西安科技大学高新学院',211),(2466,'陕西学前师范学院',211),(2467,'陕西工业职业技术学院',293),(2468,'杨凌职业技术学院',293),(2469,'西安电力高等专科学校',211),(2470,'陕西能源职业技术学院',293),(2471,'陕西国防工业职业技术学院',211),(2472,'西安航空职业技术学院',211),(2473,'陕西财经职业技术学院',293),(2474,'陕西交通职业技术学院',211),(2475,'陕西职业技术学院',211),(2476,'西安高新科技职业学院',211),(2477,'西安城市建设职业学院',211),(2478,'陕西铁路工程职业技术学院',312),(2479,'宝鸡职业技术学院',184),(2480,'陕西航空职业技术学院',130),(2481,'陕西电子信息职业技术学院',211),(2482,'陕西邮电职业技术学院',293),(2483,'西安海棠职业学院',211),(2484,'西安汽车科技职业学院',211),(2485,'西安东方亚太职业技术学院',211),(2486,'陕西警官职业学院',211),(2487,'陕西经济管理职业技术学院',211),(2488,'西安铁路职业技术学院',211),(2489,'咸阳职业技术学院',293),(2490,'西安职业技术学院',211),(2491,'商洛职业技术学院',198),(2492,'汉中职业技术学院',130),(2493,'延安职业技术学院',56),(2494,'渭南职业技术学院',312),(2495,'安康职业技术学院',15),(2496,'铜川职业技术学院',270),(2497,'陕西青年职业学院',211),(2498,'陕西工商职业学院',211),(2499,'陕西电子科技职业学院',211),(2500,'陕西旅游烹饪职业学院',211),(2501,'西安医学高等专科学校',211),(2502,'榆林职业技术学院',124),(2503,'陕西艺术职业学院',211),(2504,'陕西机电职业技术学院',184),(2505,'兰州大学',64),(2506,'兰州理工大学',64),(2507,'兰州交通大学',64),(2508,'甘肃农业大学',64),(2509,'甘肃中医药大学',64),(2510,'西北师范大学',64),(2511,'兰州城市学院',64),(2512,'陇东学院',32),(2513,'天水师范学院',67),(2514,'河西学院',194),(2515,'兰州财经大学',64),(2516,'西北民族大学',64),(2517,'甘肃政法学院',64),(2518,'甘肃民族师范学院',162),(2519,'兰州文理学院',64),(2520,'甘肃医学院',57),(2521,'兰州工业学院',64),(2522,'西北师范大学知行学院',64),(2523,'兰州财经大学陇桥学院',64),(2524,'兰州财经大学长青学院',64),(2525,'兰州交通大学博文学院',64),(2526,'兰州理工大学技术工程学院',64),(2527,'兰州石化职业技术学院',64),(2528,'陇南师范高等专科学校',26),(2529,'定西师范高等专科学校',13),(2530,'甘肃建筑职业技术学院',64),(2531,'酒泉职业技术学院',151),(2532,'兰州外语职业学院',64),(2533,'兰州职业技术学院',64),(2534,'甘肃警察职业学院',64),(2535,'甘肃林业职业技术学院',67),(2536,'甘肃工业职业技术学院',67),(2537,'武威职业学院',268),(2538,'甘肃交通职业技术学院',64),(2539,'兰州资源环境职业技术学院',64),(2540,'甘肃农业职业技术学院',64),(2541,'甘肃畜牧工程职业技术学院',268),(2542,'甘肃钢铁职业技术学院',31),(2543,'甘肃机电职业技术学院',67),(2544,'甘肃有色冶金职业技术学院',190),(2545,'白银矿冶职业技术学院',122),(2546,'甘肃卫生职业学院',64),(2547,'兰州科技职业学院',64),(2548,'庆阳职业技术学院',32),(2549,'临夏现代职业学院',127),(2550,'甘肃能源化工职业学院',64),(2551,'兰州现代职业学院',64),(2552,'平凉职业技术学院',57),(2553,'甘肃财贸职业学院',64),(2554,'青海大学',68),(2555,'青海师范大学',68),(2556,'青海民族大学',68),(2557,'青海大学昆仑学院',68),(2558,'青海卫生职业技术学院',68),(2559,'青海警官职业学院',68),(2560,'青海畜牧兽医职业技术学院',68),(2561,'青海交通职业技术学院',68),(2562,'青海建筑职业技术学院',68),(2563,'西宁城市职业技术学院',68),(2564,'青海高等职业技术学院',116),(2565,'青海柴达木职业技术学院',103),(2566,'宁夏大学',148),(2567,'宁夏医科大学',148),(2568,'宁夏师范学院',322),(2569,'北方民族大学',148),(2570,'宁夏理工学院',304),(2571,'宁夏大学新华学院',148),(2572,'银川能源学院',148),(2573,'中国矿业大学银川学院',148),(2574,'宁夏民族职业技术学院',18),(2575,'宁夏工业职业学院',148),(2576,'宁夏职业技术学院',148),(2577,'宁夏工商职业技术学院',148),(2578,'宁夏财经职业技术学院',148),(2579,'宁夏警官职业学院',148),(2580,'宁夏建设职业技术学院',148),(2581,'宁夏葡萄酒与防沙治沙职业技术学院',148),(2582,'宁夏幼儿师范高等专科学校',148),(2583,'宁夏艺术职业学院',148),(2584,'宁夏体育职业学院',148),(2585,'新疆大学',14),(2586,'塔里木大学',260),(2587,'新疆农业大学',14),(2588,'石河子大学',328),(2589,'新疆医科大学',14),(2590,'新疆师范大学',14),(2591,'喀什大学',213),(2592,'伊犁师范学院',195),(2593,'新疆财经大学',14),(2594,'新疆艺术学院',14),(2595,'新疆工程学院',14),(2596,'昌吉学院',193),(2597,'新疆警察学院',14),(2598,'新疆大学科学技术学院',14),(2599,'新疆农业大学科学技术学院',14),(2600,'新疆医科大学厚博学院',14),(2601,'新疆财经大学商务学院',14),(2602,'石河子大学科技学院',328),(2603,'和田师范专科学校',166),(2604,'新疆农业职业技术学院',160),(2605,'乌鲁木齐职业大学',14),(2606,'新疆维吾尔医学专科学校',166),(2607,'克拉玛依职业技术学院',237),(2608,'新疆机电职业技术学院',14),(2609,'新疆轻工职业技术学院',14),(2610,'新疆能源职业技术学院',14),(2611,'昌吉职业技术学院',160),(2612,'伊犁职业技术学院',195),(2613,'阿克苏职业技术学院',90),(2614,'巴音郭楞职业技术学院',126),(2615,'新疆建设职业技术学院',14),(2616,'新疆兵团警官高等专科学校',16),(2617,'新疆现代职业技术学院',14),(2618,'新疆天山职业技术学院',14),(2619,'新疆交通职业技术学院',14),(2620,'新疆石河子职业技术学院',328),(2621,'新疆职业大学',14),(2622,'新疆体育职业技术学院',14),(2623,'新疆应用职业技术学院',195),(2624,'新疆师范高等专科学校',14),(2625,'新疆铁道职业技术学院',14),(2626,'新疆生产建设兵团兴新职业技术学院',14),(2627,'哈密职业技术学院',94),(2628,'新疆科技职业技术学院',14),(2629,'吐鲁番职业技术学院',102),(2630,'博尔塔拉职业技术学院',108),(2631,'新疆工业职业技术学院',14);
/*!40000 ALTER TABLE `school` ENABLE KEYS */;
UNLOCK TABLES;

--
-- Table structure for table `student`
--

DROP TABLE IF EXISTS `student`;
/*!40101 SET @saved_cs_client     = @@character_set_client */;
/*!40101 SET character_set_client = utf8 */;
CREATE TABLE `student` (
  `id` int(11) NOT NULL AUTO_INCREMENT,
  `sid` varchar(30) NOT NULL COMMENT '学生编号',
  `stu_name` varchar(20) NOT NULL,
  `gender` tinyint(4) DEFAULT NULL COMMENT '性别 1 男 0 女',
  `age` int(11) NOT NULL COMMENT '年龄',
  `sum_grade` int(11) DEFAULT NULL,
  `password` varchar(50) DEFAULT NULL,
  `email` varchar(125) DEFAULT NULL,
  PRIMARY KEY (`id`) USING BTREE,
  UNIQUE KEY `uniq_student_sid` (`sid`),
  KEY `index_student_sid` (`sid`),
  KEY `index_student_sid_age` (`sid`,`age`)
) ENGINE=InnoDB AUTO_INCREMENT=40 DEFAULT CHARSET=utf8;
/*!40101 SET character_set_client = @saved_cs_client */;

--
-- Dumping data for table `student`
--

LOCK TABLES `student` WRITE;
/*!40000 ALTER TABLE `student` DISABLE KEYS */;
INSERT INTO `student` VALUES (1,'1001','孙悟空',1,30,15,NULL,NULL),(2,'1002','猪八戒',1,29,10,NULL,NULL),(3,'1003','沙僧',1,27,10,NULL,NULL),(4,'1004','小白龙',1,26,15,NULL,NULL),(5,'1005','唐僧',1,31,15,NULL,NULL),(6,'1006','诸葛亮',1,31,5,NULL,NULL),(7,'1007','关羽',1,32,0,NULL,NULL),(8,'1008','马超',1,25,0,NULL,NULL),(9,'1009','赵云',1,26,0,NULL,NULL),(10,'1010','周瑜',1,25,0,NULL,NULL),(11,'1011','吕蒙',1,23,0,NULL,NULL),(12,'1012','刘备',1,32,0,NULL,NULL),(13,'1013','典韦',1,23,0,NULL,NULL),(14,'1014','曹洪',1,25,0,NULL,NULL),(15,'1015','曹彰',1,26,0,NULL,NULL),(16,'1016','曹仁',1,27,0,NULL,NULL),(17,'1017','小乔',0,20,0,NULL,NULL),(18,'1018','大乔',NULL,21,0,NULL,NULL),(31,'10021','21',1,26,0,'123456','123@qq.com'),(33,'10022','姜维',1,26,0,'123456','1234@qq.com'),(39,'1020','嫦娥仙子',0,22,5,NULL,NULL);
/*!40000 ALTER TABLE `student` ENABLE KEYS */;
UNLOCK TABLES;

--
-- Table structure for table `student_b`
--

DROP TABLE IF EXISTS `student_b`;
/*!40101 SET @saved_cs_client     = @@character_set_client */;
/*!40101 SET character_set_client = utf8 */;
CREATE TABLE `student_b` (
  `id` int(11) NOT NULL AUTO_INCREMENT,
  `sid` varchar(30) CHARACTER SET utf8mb4 NOT NULL COMMENT '学生编号',
  `stu_name` varchar(20) NOT NULL COMMENT '姓名',
  `gender` tinyint(4) DEFAULT NULL COMMENT '性别 1 男 0 女',
  `age` int(11) NOT NULL COMMENT '年龄',
  `sum_grade` int(11) DEFAULT NULL,
  `password` varchar(50) CHARACTER SET utf8mb4 DEFAULT NULL,
  `email` varchar(125) CHARACTER SET utf8mb4 DEFAULT NULL,
  PRIMARY KEY (`id`) USING BTREE,
  UNIQUE KEY `uniq_student_sid` (`sid`),
  KEY `index_student_sid` (`sid`),
  KEY `index_student_sid_age` (`sid`,`age`)
) ENGINE=InnoDB AUTO_INCREMENT=36 DEFAULT CHARSET=utf8 ROW_FORMAT=DYNAMIC;
/*!40101 SET character_set_client = @saved_cs_client */;

--
-- Dumping data for table `student_b`
--

LOCK TABLES `student_b` WRITE;
/*!40000 ALTER TABLE `student_b` DISABLE KEYS */;
INSERT INTO `student_b` VALUES (1,'1001','孙悟空',1,30,15,NULL,NULL),(2,'1002','猪八戒',1,29,10,NULL,NULL),(3,'1003','沙僧',1,27,10,NULL,NULL),(4,'1004','小白龙',1,26,15,NULL,NULL),(5,'1005','唐僧',1,31,15,NULL,NULL),(6,'1006','诸葛亮',1,31,5,NULL,NULL),(7,'1007','关羽',1,32,0,NULL,NULL),(8,'1008','马超',1,25,0,NULL,NULL),(9,'1009','赵云',1,26,0,NULL,NULL),(10,'1010','周瑜',1,25,0,NULL,NULL),(11,'1011','吕蒙',1,23,0,NULL,NULL),(12,'1012','刘备',1,32,0,NULL,NULL),(13,'1013','典韦',1,23,0,NULL,NULL),(14,'1014','曹洪',1,25,0,NULL,NULL),(15,'1015','曹彰',1,26,0,NULL,NULL),(16,'1016','曹仁',1,27,0,NULL,NULL),(17,'1017','小乔',0,20,0,NULL,NULL),(18,'1018','大乔',NULL,21,0,NULL,NULL),(30,'1020','嫦娥仙子',0,22,5,NULL,NULL),(31,'10021','21',1,26,0,'123456','123@qq.com');
/*!40000 ALTER TABLE `student_b` ENABLE KEYS */;
UNLOCK TABLES;

--
-- Table structure for table `student_test`
--

DROP TABLE IF EXISTS `student_test`;
/*!40101 SET @saved_cs_client     = @@character_set_client */;
/*!40101 SET character_set_client = utf8 */;
CREATE TABLE `student_test` (
  `id` int(11) NOT NULL AUTO_INCREMENT,
  `sid` varchar(20) DEFAULT NULL,
  `name` varchar(20) NOT NULL,
  `age` int(11) DEFAULT 20,
  PRIMARY KEY (`id`),
  UNIQUE KEY `sid` (`sid`),
  CONSTRAINT `chk_student_test` CHECK (`age` > 0)
) ENGINE=InnoDB DEFAULT CHARSET=latin1;
/*!40101 SET character_set_client = @saved_cs_client */;

--
-- Dumping data for table `student_test`
--

LOCK TABLES `student_test` WRITE;
/*!40000 ALTER TABLE `student_test` DISABLE KEYS */;
/*!40000 ALTER TABLE `student_test` ENABLE KEYS */;
UNLOCK TABLES;

--
-- Table structure for table `t_test`
--

DROP TABLE IF EXISTS `t_test`;
/*!40101 SET @saved_cs_client     = @@character_set_client */;
/*!40101 SET character_set_client = utf8 */;
CREATE TABLE `t_test` (
  `id` int(11) NOT NULL AUTO_INCREMENT,
  `name` varchar(20) DEFAULT NULL,
  PRIMARY KEY (`id`)
) ENGINE=InnoDB AUTO_INCREMENT=8 DEFAULT CHARSET=latin1;
/*!40101 SET character_set_client = @saved_cs_client */;

--
-- Dumping data for table `t_test`
--

LOCK TABLES `t_test` WRITE;
/*!40000 ALTER TABLE `t_test` DISABLE KEYS */;
INSERT INTO `t_test` VALUES (1,'a'),(2,'b'),(5,'c'),(7,'d');
/*!40000 ALTER TABLE `t_test` ENABLE KEYS */;
UNLOCK TABLES;

--
-- Table structure for table `t_test_a`
--

DROP TABLE IF EXISTS `t_test_a`;
/*!40101 SET @saved_cs_client     = @@character_set_client */;
/*!40101 SET character_set_client = utf8 */;
CREATE TABLE `t_test_a` (
  `id` int(11) NOT NULL DEFAULT 0,
  `name` varchar(20) DEFAULT NULL
) ENGINE=InnoDB DEFAULT CHARSET=latin1;
/*!40101 SET character_set_client = @saved_cs_client */;

--
-- Dumping data for table `t_test_a`
--

LOCK TABLES `t_test_a` WRITE;
/*!40000 ALTER TABLE `t_test_a` DISABLE KEYS */;
INSERT INTO `t_test_a` VALUES (1,'a'),(2,'b'),(5,'c'),(11,'b'),(21,'b');
/*!40000 ALTER TABLE `t_test_a` ENABLE KEYS */;
UNLOCK TABLES;

--
-- Table structure for table `user_test`
--

DROP TABLE IF EXISTS `user_test`;
/*!40101 SET @saved_cs_client     = @@character_set_client */;
/*!40101 SET character_set_client = utf8 */;
CREATE TABLE `user_test` (
  `id` int(11) NOT NULL,
  `name` varchar(20) NOT NULL,
  PRIMARY KEY (`id`)
) ENGINE=InnoDB DEFAULT CHARSET=latin1;
/*!40101 SET character_set_client = @saved_cs_client */;

--
-- Dumping data for table `user_test`
--

LOCK TABLES `user_test` WRITE;
/*!40000 ALTER TABLE `user_test` DISABLE KEYS */;
INSERT INTO `user_test` VALUES (1,'a'),(2,'b'),(3,'c');
/*!40000 ALTER TABLE `user_test` ENABLE KEYS */;
UNLOCK TABLES;

--
-- Temporary table structure for view `v_elective`
--

DROP TABLE IF EXISTS `v_elective`;
/*!50001 DROP VIEW IF EXISTS `v_elective`*/;
SET @saved_cs_client     = @@character_set_client;
SET character_set_client = utf8;
/*!50001 CREATE TABLE `v_elective` (
  `sid` tinyint NOT NULL,
  `cid` tinyint NOT NULL,
  `grade` tinyint NOT NULL
) ENGINE=MyISAM */;
SET character_set_client = @saved_cs_client;

--
-- Temporary table structure for view `v_elective_test`
--

DROP TABLE IF EXISTS `v_elective_test`;
/*!50001 DROP VIEW IF EXISTS `v_elective_test`*/;
SET @saved_cs_client     = @@character_set_client;
SET character_set_client = utf8;
/*!50001 CREATE TABLE `v_elective_test` (
  `cid` tinyint NOT NULL,
  `count(1)` tinyint NOT NULL
) ENGINE=MyISAM */;
SET character_set_client = @saved_cs_client;

--
-- Temporary table structure for view `v_school_count`
--

DROP TABLE IF EXISTS `v_school_count`;
/*!50001 DROP VIEW IF EXISTS `v_school_count`*/;
SET @saved_cs_client     = @@character_set_client;
SET character_set_client = utf8;
/*!50001 CREATE TABLE `v_school_count` (
  `name` tinyint NOT NULL,
  `c_count` tinyint NOT NULL
) ENGINE=MyISAM */;
SET character_set_client = @saved_cs_client;

--
-- Current Database: `test`
--

USE `test`;

--
-- Final view structure for view `v_elective`
--

/*!50001 DROP TABLE IF EXISTS `v_elective`*/;
/*!50001 DROP VIEW IF EXISTS `v_elective`*/;
/*!50001 SET @saved_cs_client          = @@character_set_client */;
/*!50001 SET @saved_cs_results         = @@character_set_results */;
/*!50001 SET @saved_col_connection     = @@collation_connection */;
/*!50001 SET character_set_client      = utf8mb4 */;
/*!50001 SET character_set_results     = utf8mb4 */;
/*!50001 SET collation_connection      = utf8mb4_general_ci */;
/*!50001 CREATE ALGORITHM=UNDEFINED */
/*!50013 DEFINER=`root`@`localhost` SQL SECURITY DEFINER */
/*!50001 VIEW `v_elective` AS select `a`.`sid` AS `sid`,`a`.`cid` AS `cid`,`a`.`grade` AS `grade` from `elective` `a` */;
/*!50001 SET character_set_client      = @saved_cs_client */;
/*!50001 SET character_set_results     = @saved_cs_results */;
/*!50001 SET collation_connection      = @saved_col_connection */;

--
-- Final view structure for view `v_elective_test`
--

/*!50001 DROP TABLE IF EXISTS `v_elective_test`*/;
/*!50001 DROP VIEW IF EXISTS `v_elective_test`*/;
/*!50001 SET @saved_cs_client          = @@character_set_client */;
/*!50001 SET @saved_cs_results         = @@character_set_results */;
/*!50001 SET @saved_col_connection     = @@collation_connection */;
/*!50001 SET character_set_client      = utf8mb4 */;
/*!50001 SET character_set_results     = utf8mb4 */;
/*!50001 SET collation_connection      = utf8mb4_general_ci */;
/*!50001 CREATE ALGORITHM=UNDEFINED */
/*!50013 DEFINER=`root`@`localhost` SQL SECURITY DEFINER */
/*!50001 VIEW `v_elective_test` AS select `a`.`cid` AS `cid`,count(1) AS `count(1)` from `elective_test` `a` group by `a`.`cid` */;
/*!50001 SET character_set_client      = @saved_cs_client */;
/*!50001 SET character_set_results     = @saved_cs_results */;
/*!50001 SET collation_connection      = @saved_col_connection */;

--
-- Final view structure for view `v_school_count`
--

/*!50001 DROP TABLE IF EXISTS `v_school_count`*/;
/*!50001 DROP VIEW IF EXISTS `v_school_count`*/;
/*!50001 SET @saved_cs_client          = @@character_set_client */;
/*!50001 SET @saved_cs_results         = @@character_set_results */;
/*!50001 SET @saved_col_connection     = @@collation_connection */;
/*!50001 SET character_set_client      = utf8mb4 */;
/*!50001 SET character_set_results     = utf8mb4 */;
/*!50001 SET collation_connection      = utf8mb4_general_ci */;
/*!50001 CREATE ALGORITHM=UNDEFINED */
/*!50013 DEFINER=`root`@`localhost` SQL SECURITY DEFINER */
/*!50001 VIEW `v_school_count` AS select `p`.`name` AS `name`,count(1) AS `c_count` from ((`school` `s` join `city` `c` on(`s`.`cityid` = `c`.`id`)) join `province` `p` on(`c`.`provinceid` = `p`.`id`)) group by `p`.`name` having count(1) > 100 order by count(1) desc */;
/*!50001 SET character_set_client      = @saved_cs_client */;
/*!50001 SET character_set_results     = @saved_cs_results */;
/*!50001 SET collation_connection      = @saved_col_connection */;
/*!40103 SET TIME_ZONE=@OLD_TIME_ZONE */;

/*!40101 SET SQL_MODE=@OLD_SQL_MODE */;
/*!40014 SET FOREIGN_KEY_CHECKS=@OLD_FOREIGN_KEY_CHECKS */;
/*!40014 SET UNIQUE_CHECKS=@OLD_UNIQUE_CHECKS */;
/*!40101 SET CHARACTER_SET_CLIENT=@OLD_CHARACTER_SET_CLIENT */;
/*!40101 SET CHARACTER_SET_RESULTS=@OLD_CHARACTER_SET_RESULTS */;
/*!40101 SET COLLATION_CONNECTION=@OLD_COLLATION_CONNECTION */;
/*!40111 SET SQL_NOTES=@OLD_SQL_NOTES */;

-- Dump completed on 2020-08-01 21:00:18
